行政區,地點,地址,樣態,開放時間,緯度,經度,相對位置,照片連結,管理單位,管理單位電話,備註
松山區,臺北體育館,南京東路4段10號,戶外開放式吸菸區,24小時開放,25.050778,121.552194,體育館後方,https://lh3.googleusercontent.com/d/1Sf91EmEU2O5aOgNXIXhVg5Xfit5gGsQP,臺北市政府體育局,(02)25702330,本位置資訊僅供參考，實際情形以現場公告及標示為準
信義區,臺北市市政大樓1,市府路1號,戶外開放式吸菸區,週一至週五07:00-19:00，例假日及國定假日不開放,25.03836,121.56394,3樓北區露臺,https://lh3.googleusercontent.com/d/1pZfvM6S-sQTlJvYhrnqo5YdAtjyHaGKN,臺北市市政大樓公共事務管理中心,(02)27208889-8608,本位置資訊僅供參考，實際情形以現場公告及標示為準
信義區,臺北市市政大樓2,市府路1號,戶外開放式吸菸區,週一至週五07:00-19:00，例假日及國定假日不開放,25.03712,121.56447,12樓東南區天臺,https://lh3.googleusercontent.com/d/1SCnwF7_0YuNttgpuiyKWCbgLMwSiIW2z,臺北市市政大樓公共事務管理中心,(02)27208889-8608,本位置資訊僅供參考，實際情形以現場公告及標示為準
信義區,大巨蛋文化體育園區1,忠孝東路4段515號,戶外開放式吸菸區,24小時開放,25.04146,121.56021,忠孝東路4段側,,遠雄巨蛋事業股份有限公司,(02)27228811,本位置資訊僅供參考，實際情形以現場公告及標示為準
信義區,大巨蛋文化體育園區2,忠孝東路4段516號,戶外開放式吸菸區,24小時開放,25.04225,121.56074,逸仙路側，臨辦公棟,,遠雄巨蛋事業股份有限公司,(02)27228811,本位置資訊僅供參考，實際情形以現場公告及標示為準
信義區,大巨蛋文化體育園區3,忠孝東路四段517號,戶外開放式吸菸區,24小時開放,25.04271,121.56138,逸仙路側，臨旅館棟,,遠雄巨蛋事業股份有限公司,(02)27228811,本位置資訊僅供參考，實際情形以現場公告及標示為準
信義區,大巨蛋文化體育園區4,忠孝東路4段518號,戶外開放式吸菸區,24小時開放,25.04317,121.55882,光復南路側，商場棟後方,,遠雄巨蛋事業股份有限公司,(02)27228811,本位置資訊僅供參考，實際情形以現場公告及標示為準
信義區,大巨蛋文化體育園區5,忠孝東路4段519號,戶外開放式吸菸區,24小時開放,25.04483,121.55861,菸廠路側，臨辦公棟,,遠雄巨蛋事業股份有限公司,(02)27228811,本位置資訊僅供參考，實際情形以現場公告及標示為準
信義區,大巨蛋文化體育園區6,忠孝東路4段520號,戶外開放式吸菸區,24小時開放,25.04449,121.55792,光復南路側，臨影城棟,,遠雄巨蛋事業股份有限公司,(02)27228811,本位置資訊僅供參考，實際情形以現場公告及標示為準
大安區,臺北市懷愛館火化場旁,辛亥路3段330號,戶外開放式吸菸區,24小時開放,25.01242,121.55329,火化場門口(朝景仰、景行樓方向)右手邊,https://lh3.googleusercontent.com/d/1K81z6qCHXYhZEsDhNC_mnXai9eS6lvOc,臺北市殯葬管理處,(02)87329686-29732,本位置資訊僅供參考，實際情形以現場公告及標示為準
大安區,臺北市懷愛館停柩室廁所外,辛亥路3段330號,戶外開放式吸菸區,24小時開放,25.01274,121.55318,停柩室廁所外,https://lh3.googleusercontent.com/d/1_osfSg1Mo3MG9pXBeZIvw0J34UxNxrIs,臺北市殯葬管理處,(02)87329686-29732,本位置資訊僅供參考，實際情形以現場公告及標示為準
大安區,臺北市懷愛館景仰樓2樓露臺,辛亥路3段330號,戶外開放式吸菸區,24小時開放,25.01322,121.55308,景仰樓2樓室外梯下方,https://lh3.googleusercontent.com/d/1G9uNC6RVqRJIFc9ZTYwVzAlDmHfQEW6R,臺北市殯葬管理處,(02)87329686-29732,本位置資訊僅供參考，實際情形以現場公告及標示為準
大安區,臺北市懷愛館中庭景行樓室外梯下方,辛亥路3段330號,戶外開放式吸菸區,24小時開放,25.01333,121.55275,至忠一廳門口(朝辛亥路方向)外,https://lh3.googleusercontent.com/d/1iX2uGrhyB5erVREqTDULBP50x1_kKWGc,臺北市殯葬管理處,(02)87329686-29732,本位置資訊僅供參考，實際情形以現場公告及標示為準
大安區,臺北市懷愛館景行樓4樓園圃,辛亥路3段330號,戶外開放式吸菸區,24小時開放,25.01344,121.55251,景行樓4樓梯廳(朝辛亥路方向)左手邊,,臺北市殯葬管理處,(02)87329686-29732,本位置資訊僅供參考，實際情形以現場公告及標示為準
大安區,臺北市懷愛館計程車停等區,辛亥路3段330號,戶外開放式吸菸區,24小時開放,25.01381,121.55225,景明廳門口(朝辛亥路方向)與公共藝術左手邊,https://lh3.googleusercontent.com/d/1OQHQyCv_R2o-pZ2-Oj7zCS1y2WEEOI5b,臺北市殯葬管理處,(02)87329686-29732,本位置資訊僅供參考，實際情形以現場公告及標示為準
萬華區,臺北市萬華區行政中心,和平西路3段120號,戶外開放式吸菸區,06:00-23:00,25.03502,121.5002,東側廣場,https://lh3.googleusercontent.com/d/1QoU0lqE-6oLMZ3VpULu8oaTnbTw_uPxQ,臺北市萬華區公所,(02)23064468-318,本位置資訊僅供參考，實際情形以現場公告及標示為準
文山區,臺北市文山區行政中心,木柵路3段220號,戶外開放式吸菸區,24小時開放,24.99001,121.56946,停車場前方,https://lh3.googleusercontent.com/d/15gmC1clUvkJsZW-q9plI-q16ZOo5ndBQ,臺北市文山區公所,(02)29365522-400,本位置資訊僅供參考，實際情形以現場公告及標示為準
南港區,臺北南港展覽館1館南側,經貿二路1號,戶外開放式吸菸區,24小時開放,25.05572,121.61757,展覽館1樓南側,,中華民國對外貿易發展協會南港展覽館1館管理組,(02)27255200-5515,本位置資訊僅供參考，實際情形以現場公告及標示為準
南港區,臺北南港展覽館1館東側,經貿二路1號,戶外開放式吸菸區,24小時開放,25.05648,121.61892,展覽館1樓東側,,中華民國對外貿易發展協會南港展覽館1館管理組,(02)27255200-5515,本位置資訊僅供參考，實際情形以現場公告及標示為準
南港區,臺北南港展覽館2館1,經貿二路2號,戶外開放式吸菸區,24小時開放,25.05551,121.61622,東南轉角,,南港展覽館2館,(02)27525200-6680,本位置資訊僅供參考，實際情形以現場公告及標示為準
南港區,臺北南港展覽館2館2,經貿二路2號,戶外開放式吸菸區,24小時開放,25.05555,121.61556,西二門外空地轉角,,南港展覽館2館,(02)27525200-6680,本位置資訊僅供參考，實際情形以現場公告及標示為準
南港區,臺北南港展覽館2館3,經貿二路2號,戶外開放式吸菸區,24小時開放,25.05585,121.6146,南側S1、S2旁,,南港展覽館2館,(02)27525200-6680,本位置資訊僅供參考，實際情形以現場公告及標示為準
士林區,臺北市士林區行政中心,中正路439號,戶外開放式吸菸區,24小時開放,25.09251,121.51958,行政中心西南側,https://lh3.googleusercontent.com/d/11jvWDOMSU2tsUcuOtIupt1DbFEk4QcA9,臺北市士林區公所,(02)28826200-8703,本位置資訊僅供參考，實際情形以現場公告及標示為準
士林區,陽明山國家公園-冷水坑遊憩區,菁山路101巷170號,戶外開放式吸菸區,24小時開放,25.16551,121.56417,冷水坑遊客服務站東南側、服務站一樓平臺處,https://lh3.googleusercontent.com/d/1X2zoPV1LmUDmcj__yqaVw-sgqilf10SD,內政部國家公園署陽明山國家公園管理處,(02)28613601-602,本位置資訊僅供參考，實際情形以現場公告及標示為準
士林區,陽明山國家公園-擎天崗草原景觀區,菁山路101巷246號,戶外開放式吸菸區,24小時開放,25.16647,121.57381,汙水處理設施上方平臺,https://lh3.googleusercontent.com/d/1_gkfSmb5TN4NRJJFIllWH05UCeVnqMcx,內政部國家公園署陽明山國家公園管理處,(02)28613601-602,本位置資訊僅供參考，實際情形以現場公告及標示為準
士林區,陽明山國家公園-天溪園生態教育中心,至善路3段336巷45號,戶外開放式吸菸區,24小時開放,25.13231,121.59226,教育中心女廁斜後方草坪處,https://lh3.googleusercontent.com/d/1rXsNRo9-wlSvjRzslHuBeS890pDMhjt-,內政部國家公園署陽明山國家公園管理處,(02)28613601-602,本位置資訊僅供參考，實際情形以現場公告及標示為準
士林區,陽明山國家公園-菁山自然中心,菁山路101巷85號,戶外開放式吸菸區,24小時開放,25.15583,121.56166,菁山自然中心後門殘障車位對面,https://lh3.googleusercontent.com/d/1CmxDrY8fQ4OzaTUwN9oPakeIq7IpgwD_,內政部國家公園署陽明山國家公園管理處,(02)28613601-602,本位置資訊僅供參考，實際情形以現場公告及標示為準
北投區,陽明山國家公園-小油坑遊憩區,竹子湖路69號,戶外開放式吸菸區,24小時開放,25.17651,121.54719,小油坑遊客服務站正前方10公尺處,,內政部國家公園署陽明山國家公園管理處,(02)28613601-602,本位置資訊僅供參考，實際情形以現場公告及標示為準
北投區,陽明山國家公園-遊客中心,竹子湖路1-20號,戶外開放式吸菸區,24小時開放,25.15567,121.54683,遊客中心後門,,內政部國家公園署陽明山國家公園管理處,(02)28613601-602,本位置資訊僅供參考，實際情形以現場公告及標示為準
北投區,陽明山國家公園-管服中心1,竹子湖路1-20號,戶外開放式吸菸區,24小時開放,25.15615,121.54818,大門左側草地,https://lh3.googleusercontent.com/d/1y7Jy9vkb6jZwVuDYoHxzdhhxeCjOfrwD,內政部國家公園署陽明山國家公園管理處,(02)28613601-602,本位置資訊僅供參考，實際情形以現場公告及標示為準
北投區,陽明山國家公園-管服中心2,竹子湖路1-20號,戶外開放式吸菸區,24小時開放,25.15571,121.54794,第2辦公室右側,https://lh3.googleusercontent.com/d/1crurOgnBkdzD0iWEvk5Ge4Axxd1Ws2kj,內政部國家公園署陽明山國家公園管理處,(02)28613601-602,本位置資訊僅供參考，實際情形以現場公告及標示為準
北投區,陽明山國家公園-陽明書屋,中興路12號,戶外開放式吸菸區,24小時開放,25.16195,121.54091,停車場角落,https://lh3.googleusercontent.com/d/1yCTplwh5PBoeFmxOhXnr1RukcxYLjelR,內政部國家公園署陽明山國家公園管理處,(02)28613601-602,本位置資訊僅供參考，實際情形以現場公告及標示為準
北投區,陽明山國家公園-龍鳳谷遊憩區,泉源路200號,戶外開放式吸菸區,24小時開放,25.14297,121.52623,龍鳳谷遊客服務站女廁斜後方草坪處,https://lh3.googleusercontent.com/d/1CexOGMcSmkoga2CF-t9_rJjYzGzu9uZj,內政部國家公園署陽明山國家公園管理處,(02)28613601-602,本位置資訊僅供參考，實際情形以現場公告及標示為準
士林區,國立故宮博物院第一展覽館,至善路2段221號,戶外開放式吸菸區,24小時開放,25.10216,121.54891,第一展覽館東側入口處右邊,,國立故宮博物院秘書室,(02)28812021-2919,本位置資訊僅供參考，實際情形以現場公告及標示為準
士林區,國立故宮博物院第一展覽館西側,至善路2段221號,戶外開放式吸菸區,24小時開放,25.10181,121.54803,第一展覽館西側貴賓室入口處左邊,,國立故宮博物院秘書室,(02)28812021-2919,本位置資訊僅供參考，實際情形以現場公告及標示為準
士林區,國立故宮博物院研究大樓,至善路2段221號,戶外開放式吸菸區,24小時開放,25.10077,121.54818,研究大樓北門右側,,國立故宮博物院秘書室,(02)28812021-2919,本位置資訊僅供參考，實際情形以現場公告及標示為準
南港區,Mitsui Shopping Park LaLaport 南港,經貿二路131號,室內吸菸室,週日-週四:11:00-21:30/週五、六:11:00-22:00(清潔關閉時間14:00-16:30),25.058675,121.617941,3樓，南廣場區,https://lh3.googleusercontent.com/d/1VtiefvtaPMZXgOo-Dm9FNGDNNJyhqNLm,中捷公寓大廈管理維護股份有限公司,(02)27831175,本位置資訊僅供參考，實際情形以現場公告及標示為準
中山區,臺北晶華酒店,中山北路二段39巷3號2樓,室內吸菸室,24小時開放,25.05416,121.52428,臺北晶華酒店二樓,,臺北晶華酒店工程部,(02)25215000-3703,本位置資訊僅供參考，實際情形以現場公告及標示為準
中山區,MAJI集食行樂,玉門街1號,戶外開放式吸菸區,24小時開放,25.06917,121.522541,集食行樂區廁所旁,,MAJI集食行樂(營運廠商:好味全市集股份有限公司),(02)25977112-208,本位置資訊僅供參考，實際情形以現場公告及標示為準
中正區,臺北車站東側廣場,北平西路3號,戶外開放式吸菸區,24小時開放,25.047989,121.518077,東1出口外,,國營臺灣鐵路股份有限公司北區營運處臺北運務段臺北站,(02)23111024,本位置資訊僅供參考，實際情形以現場公告及標示為準
中正區,臺北車站西側廣場,北平西路3號,戶外開放式吸菸區,24小時開放,25.048256,121.516343,西1出口外,,國營臺灣鐵路股份有限公司北區營運處臺北運務段臺北站,(02)23111024,本位置資訊僅供參考，實際情形以現場公告及標示為準
南港區,TFC南港經貿大樓1,經貿一路168號,戶外開放式吸菸區,24小時開放,25.05809,121.61886,漢來飯店西南側,,TFC南港經貿大樓管理中心,(02)27880627,本位置資訊僅供參考，實際情形以現場公告及標示為準
南港區,TFC南港經貿大樓2,經貿一路168號,戶外開放式吸菸區,24小時開放,25.05828,121.61955,漢來飯店東側,,TFC南港經貿大樓管理中心,(02)27880627,本位置資訊僅供參考，實際情形以現場公告及標示為準
南港區,TFC南港經貿大樓3,經貿一路166號,戶外開放式吸菸區,24小時開放,25.05797,121.62003,C棟東側,,TFC南港經貿大樓管理中心,(02)27880627,本位置資訊僅供參考，實際情形以現場公告及標示為準
中山區,森高砂咖啡館中山旗艦店,中山北路1段133號,室內吸菸室,週日至週四11:00-20:00週五至週六11:00-21:00,25.05164,121.52271,一樓最內側,,臺北市政府衛生局,(02)27208889-1814,本位置資訊僅供參考，實際情形以現場公告及標示為準
中正區,光華商場數位新天地-一樓北側廣場,市民大道三段8號,戶外開放式吸菸區,11:00~21:00,25.04544,121.53169,一樓北側廣場西側,,臺北市光華商場數位新天地發展協會、鐵棧道發展協會,(02)23412202、(02)23567081,本位置資訊僅供參考，實際情形以現場公告及標示為準
中正區,光華商場數位新天地-四樓空橋,市民大道三段8號,戶外開放式吸菸區,11:00~21:00,25.04525,121.53207,四樓空橋,,臺北市光華商場數位新天地發展協會、鐵棧道發展協會,(02)23412202、(02)23567081,本位置資訊僅供參考，實際情形以現場公告及標示為準
中正區,光華商場數位新天地-五樓空橋,市民大道三段8號,戶外開放式吸菸區,11:00~21:00,25.04525,121.53207,五樓空橋,,臺北市光華商場數位新天地發展協會、鐵棧道發展協會,(02)23412202、(02)23567081,本位置資訊僅供參考，實際情形以現場公告及標示為準
松山區,松山機場航廈站前長廊1,敦化北路340-9號,戶外開放式吸菸區,24小時開放,25.063588,121.552864,站前長廊2號柱長廊戶外空間,,臺北國際航空站業務組,(02)87703572,本位置資訊僅供參考，實際情形以現場公告及標示為準
松山區,松山機場航廈站前長廊2,敦化北路340-9號,戶外開放式吸菸區,24小時開放,25.063576,121.552008,站前長廊18號柱後方柵欄外側,,臺北國際航空站業務組,(02)87703572,本位置資訊僅供參考，實際情形以現場公告及標示為準
松山區,松山機場-第三立體停車場外,敦化北路340-9號,戶外開放式吸菸區,24小時開放,25.06402,121.552672,第三停車場後方(東北角),,臺北國際航空站業務組,(02)87703572,本位置資訊僅供參考，實際情形以現場公告及標示為準
信義區,香堤廣場1,松壽路9號,戶外開放式吸菸區,24小時開放,25.03756,121.56646,新光三越 臺北信義新天地A8-1F西南側,,新光三越 臺北信義新天地A8店舖管理,(02)87809966-6088,本位置資訊僅供參考，實際情形以現場公告及標示為準
信義區,香堤廣場2,松壽路9號,戶外開放式吸菸區,24小時開放,25.03737,121.56646,A9靠松壽廣場側,,新光三越 臺北信義新天地A8店舖管理,(02)87809966-6088,本位置資訊僅供參考，實際情形以現場公告及標示為準
中正區,國家戲劇院及國家音樂廳1,中山南路21之1號,戶外開放式吸菸區,24小時開放,25.03492,121.51858,國家戲劇院3號門前,https://lh3.googleusercontent.com/d/1kUFyqiGLJhWvnOQlFEgH6oPia4vpUalW,國家表演藝術中心國家兩廳院,(02)33939917(行政管理部),本位置資訊僅供參考，實際情形以現場公告及標示為準
中正區,國家戲劇院及國家音樂廳2,中山南路21之1號,戶外開放式吸菸區,24小時開放,25.03508,121.51802,戲劇院4號門迴廊,https://lh3.googleusercontent.com/d/1zudf8ZydSVpayTIS6gQFwJfLLPJpU-wv,國家表演藝術中心國家兩廳院,(02)33939917(行政管理部),本位置資訊僅供參考，實際情形以現場公告及標示為準
中正區,國家戲劇院及國家音樂廳3,中山南路21之1號,戶外開放式吸菸區,24小時開放,25.03553,121.51828,戲劇院6號門迴廊,https://lh3.googleusercontent.com/d/1aGOsl6oMEljRULMObhiBPKstNqPiKiBL,國家表演藝術中心國家兩廳院,(02)33939917(行政管理部),本位置資訊僅供參考，實際情形以現場公告及標示為準
中正區,國家戲劇院及國家音樂廳4,中山南路21之1號,戶外開放式吸菸區,24小時開放,25.03727,121.51947,音樂廳3號門前,https://lh3.googleusercontent.com/d/1aGSuGP034z5Q_13ABHcnX7fUO8y5w439,國家表演藝術中心國家兩廳院,(02)33939917(行政管理部),本位置資訊僅供參考，實際情形以現場公告及標示為準
中正區,國家戲劇院及國家音樂廳5,中山南路21之1號,戶外開放式吸菸區,24小時開放,25.03734,121.51936,音樂廳4號門迴廊,https://lh3.googleusercontent.com/d/1KtQILrAAMdkDfb579XlFetex8DqEbYAe,國家表演藝術中心國家兩廳院,(02)33939917(行政管理部),本位置資訊僅供參考，實際情形以現場公告及標示為準
中正區,國家戲劇院及國家音樂廳6,中山南路21之1號,戶外開放式吸菸區,24小時開放,25.03682,121.51906,音樂廳6號門迴廊,https://lh3.googleusercontent.com/d/1gp_3t8pV_EUkQIzZAgML3usCfFSDVXHU,國家表演藝術中心國家兩廳院,(02)33939917(行政管理部),本位置資訊僅供參考，實際情形以現場公告及標示為準
中山區,遼寧鵝肉城小吃店1,遼寧街77號,室內吸菸室,17:00～01:00,25.049482,121.542223,2樓,,臺北市政府衛生局,(02)27208889-1863,本位置資訊僅供參考，實際情形以現場公告及標示為準
中山區,遼寧鵝肉城小吃店2,遼寧街77號,室內吸菸室,17:00～01:00,25.049482,121.542223,3樓,,臺北市政府衛生局,(02)27208889-1863,本位置資訊僅供參考，實際情形以現場公告及標示為準
松山區,民權東路3段197巷東西側平面停車場,民權東路3段197巷東西側,戶外開放式吸菸區,24小時開放,25.06185,121.54974,重機格位,https://lh3.googleusercontent.com/d/1YPI3ACYBmdU1yVemI4ovCp9xwy6Y4_Ld,臺北市停車管理工程處,(02)27590666-6411,本位置資訊僅供參考，實際情形以現場公告及標示為準
大同區,延平北路2段247巷機車平面停車場,延平北路2段247巷7號對面,戶外開放式吸菸區,24小時開放,25.06227,121.51266,停車場場內空地,https://lh3.googleusercontent.com/d/1XaxPrTwJDqM2UQow9akNhHVt9Qxu1M_M,臺北市停車管理工程處,(02)27590666-6411,本位置資訊僅供參考，實際情形以現場公告及標示為準
信義區,松德臨時平面停車場,松德路底,戶外開放式吸菸區,24小時開放,25.03163,121.57301,32號格位右側,https://lh3.googleusercontent.com/d/1nr561G-7ZO4noAUz5CXgp32cTj8_xIyD,臺北市停車管理工程處,(02)27590666-6411,本位置資訊僅供參考，實際情形以現場公告及標示為準
萬華區,峨眉停車場,峨眉街83號,戶外開放式吸菸區,24小時開放,25.04436,121.50539,西寧南路50巷與昆明街口,https://lh3.googleusercontent.com/d/1sI4-Z1TgUaFumiglSqLa7Nht7BC3K_V_,臺北市停車管理工程處,(02)27590666-6411,本位置資訊僅供參考，實際情形以現場公告及標示為準
北投區,豐年運動公園平面停車場,大業路525巷2弄,戶外開放式吸菸區,24小時開放,25.13542,121.49477,29號車格位後方,https://lh3.googleusercontent.com/d/1qRwgtUN45dPxS_oz7iJmk1pfCo2F1YU5,臺北市停車管理工程處,(02)27590666-6411,本位置資訊僅供參考，實際情形以現場公告及標示為準
士林區,基河路大客車平面停車場,基河路與美崙街口,戶外開放式吸菸區,24小時開放,25.09489,121.51887,停車場出入口左側空地,https://lh3.googleusercontent.com/d/1jqQSr1Jtd5wPrQo6VVt3rUxbnNOFyGHU,臺北市停車管理工程處,(02)27590666-6411,本位置資訊僅供參考，實際情形以現場公告及標示為準
中山區,新生北路2段橋下停車場(新生高架民生-錦州停車場),錦州段,戶外開放式吸菸區,24小時開放,25.05851,121.5275,靠民生東路一段口空地,https://lh3.googleusercontent.com/d/1CizAZ04LSiNym6U_7E6Bc7WK-8J29mWy,臺北市停車管理工程處,(02)27590666-6411,本位置資訊僅供參考，實際情形以現場公告及標示為準
中正區,同安街平面停車場,同安街101巷與水源路交叉口,戶外開放式吸菸區,24小時開放,25.0209,121.52059,5號停車格護欄外空地,https://lh3.googleusercontent.com/d/1vFqFr2JfEpF6PTEmBribEBZJvF_ziyqk,臺北市停車管理工程處,(02)27590666-6411,本位置資訊僅供參考，實際情形以現場公告及標示為準
文山區,木柵路三段平面停車場,木柵路3段53號對面,戶外開放式吸菸區,24小時開放,24.98842,121.56662,69號車格位左側,https://lh3.googleusercontent.com/d/1B21deBD6izWkAbDyLkD5qgdUqpAykhpl,臺北市停車管理工程處,(02)27590666-6411,本位置資訊僅供參考，實際情形以現場公告及標示為準
內湖區,安康公車調度站臨時平面停車場,五分街12號,戶外開放式吸菸區,24小時開放,25.06729,121.61314,1號停車格位右側,https://lh3.googleusercontent.com/d/1bHrsG_ztqR64o7H7y5dFbPeLBxg597sh,臺北市停車管理工程處,(02)27590666-6411,本位置資訊僅供參考，實際情形以現場公告及標示為準
南港區,舊莊街2段9號前水利地停車場,舊莊街2段9號前,戶外開放式吸菸區,24小時開放,25.03742,121.62454,20號停車格位黃網區上方,https://lh3.googleusercontent.com/d/1LYeEGL1arHzx66whqFB6jnP1seI_s4AS,臺北市停車管理工程處,(02)27590666-6411,本位置資訊僅供參考，實際情形以現場公告及標示為準
信義區,信義路1,信義路5段100號前,戶外開放式吸菸區,24小時開放,25.03277,121.56598,信義路5段100號前,https://lh3.googleusercontent.com/d/11apF0yxr0vhXgox0S5AUMyo9WKdRb7s4,設置：臺北市政府交通局、維護清潔：臺北市政府工務局公園路燈工程管理處、臺北市政府環境保護局,(02)27208889-6866,本位置資訊僅供參考，實際情形以現場公告及標示為準
信義區,信義路2,信義路5段與莊敬路口西北角,戶外開放式吸菸區,24小時開放,25.03312,121.56111,信義路5段與莊敬路口西北角,https://lh3.googleusercontent.com/d/1iMP2e-O3GKOcoLvjzCFp6v0v4D8z5w0i,設置：臺北市政府交通局、維護清潔：臺北市政府工務局公園路燈工程管理處、臺北市政府環境保護局,(02)27208889-6866,本位置資訊僅供參考，實際情形以現場公告及標示為準
信義區,信義路3,信義路4段456號前,戶外開放式吸菸區,24小時開放,25.03289,121.55812,信義路4段456號前,https://lh3.googleusercontent.com/d/186oPDgYXpaFIISoutFh5M9dpmQwEq4XJ,設置：臺北市政府交通局、維護清潔：臺北市政府工務局公園路燈工程管理處、臺北市政府環境保護局,(02)27208889-6866,本位置資訊僅供參考，實際情形以現場公告及標示為準
大安區,信義路4,信義路4段304號前,戶外開放式吸菸區,24小時開放,25.03298,121.55482,信義路4段304號前,https://lh3.googleusercontent.com/d/18q0mGQDykh6SEii1ofUaSXJctfdTIjtj,設置：臺北市政府交通局、維護清潔：臺北市政府工務局公園路燈工程管理處、臺北市政府環境保護局,(02)27208889-6866,本位置資訊僅供參考，實際情形以現場公告及標示為準
大安區,信義路5,信義路4段156號前,戶外開放式吸菸區,24小時開放,25.03337,121.55136,信義路4段156號前,https://lh3.googleusercontent.com/d/1HUem61I-VW0MtZXDFjZ6EO7CXoFXuZQ6,設置：臺北市政府交通局、維護清潔：臺北市政府工務局公園路燈工程管理處、臺北市政府環境保護局,(02)27208889-6866,本位置資訊僅供參考，實際情形以現場公告及標示為準
信義區,信義路6,信義路5段7號,戶外開放式吸菸區,08:00-19:00,25.0335,121.56446,台北101辦公大樓信義路出口西側35公尺,https://lh3.googleusercontent.com/d/154MYWHaOoFgL_3Tyjj3io_icUqNCO21I,設置：臺北市政府交通局、維護清潔：台北金融大樓股份有限公司,(02)81017780、(02)81017781,本位置資訊僅供參考，實際情形以現場公告及標示為準
大安區,信義路7,信義路4段101號前,戶外開放式吸菸區,24小時開放,25.03344,121.54728,信義路4段101號前,https://lh3.googleusercontent.com/d/1Hs_XFKebdjWyk_t4TCuF8JK5UPZeoGGC,設置：臺北市政府交通局、維護清潔：臺北市政府工務局公園路燈工程管理處、臺北市政府環境保護局,(02)27208889-6866,本位置資訊僅供參考，實際情形以現場公告及標示為準
大安區,信義路8,信義路4段88號前,戶外開放式吸菸區,24小時開放,25.03314,121.54759,信義路4段88號前,https://lh3.googleusercontent.com/d/14knUAMH5V9Rqdnuqj0mOZqa13YWhc_c_,設置：臺北市政府交通局、維護清潔：臺北市政府工務局公園路燈工程管理處、臺北市政府環境保護局,(02)27208889-6866,本位置資訊僅供參考，實際情形以現場公告及標示為準
大安區,信義路9,信義路3段190-1號前,戶外開放式吸菸區,24小時開放,25.03325,121.54293,信義路3段190-1號前,https://lh3.googleusercontent.com/d/1cXnC-hBSequeTn3GW6Ag-zV4ZbW03Nd7,設置：臺北市政府交通局、維護清潔：臺北市政府工務局公園路燈工程管理處、臺北市政府環境保護局,(02)27208889-6866,本位置資訊僅供參考，實際情形以現場公告及標示為準
大安區,信義路10,信義路3段89號,戶外開放式吸菸區,24小時開放,25.03378,121.53813,信義路3段89號(臺北大安郵局建國南路1段側),https://lh3.googleusercontent.com/d/1ZavjDqDgfoIw2l8K1q2tmkx1xVai6QBP,設置：臺北市政府交通局、維護清潔：臺北市政府工務局公園路燈工程管理處、臺北市政府環境保護局,(02)27208889-6866,本位置資訊僅供參考，實際情形以現場公告及標示為準
中正區,信義路11,信義路1段與杭州南路2段西南角,戶外開放式吸菸區,24小時開放,25.03551,121.52384,信義路1段與杭州南路2段西南角,https://lh3.googleusercontent.com/d/186O6IT1waXQ2iRSgYtwdYMR_jZttCbhB,設置：臺北市政府交通局、維護清潔：臺北市政府工務局公園路燈工程管理處、臺北市政府環境保護局,(02)27208889-6866,本位置資訊僅供參考，實際情形以現場公告及標示為準
大安區,敦化南路1,敦化南路2段201號前北向快慢車道分隔島,戶外開放式吸菸區,24小時開放,25.02709,121.54891,敦化南路2段201號前北向快慢車道分隔島,https://lh3.googleusercontent.com/d/1lPPpRs1Y1sJtLAkQ8aEwlVqT2LLQfqPL,設置：臺北市政府交通局、維護清潔：臺北市政府工務局公園路燈工程管理處、臺北市政府環境保護局,(02)27208889-6866,本位置資訊僅供參考，實際情形以現場公告及標示為準
大安區,敦化南路2,敦化南路2段77號前北向快慢車道分隔島,戶外開放式吸菸區,24小時開放,25.03019,121.54879,敦化南路2段77號前北向快慢車道分隔島,https://lh3.googleusercontent.com/d/1yvDhbU_ownCDEqFbEkL8qwUI-2Wzyop8,設置：臺北市政府交通局、維護清潔：臺北市政府工務局公園路燈工程管理處、臺北市政府環境保護局,(02)27208889-6866,本位置資訊僅供參考，實際情形以現場公告及標示為準
大安區,敦化南路3,敦化南路1段316號前南向快慢車道分隔島,戶外開放式吸菸區,24小時開放,25.03547,121.5487,敦化南路1段316號前南向快慢車道分隔島,https://lh3.googleusercontent.com/d/1CXn32O8ksX6d7ymIUB83RPA3JusAF6H5,設置：臺北市政府交通局、維護清潔：臺北市政府工務局公園路燈工程管理處、臺北市政府環境保護局,(02)27208889-6866,本位置資訊僅供參考，實際情形以現場公告及標示為準
大安區,敦化南路4,敦化南路1段245號前北向快慢車道分隔島,戶外開放式吸菸區,24小時開放,25.03906,121.549,敦化南路1段245號前北向快慢車道分隔島,https://lh3.googleusercontent.com/d/1sJJ4I6nw-SDMP59B5o13JmVMCp0LBOIE,設置：臺北市政府交通局；維護清潔：臺北市政府工務局公園路燈工程管理處、臺北市政府環境保護局,(02)27208889-6866,本位置資訊僅供參考，實際情形以現場公告及標示為準
松山區,敦化南路5,敦化南路1段102-1號前南向快慢車道分隔島,戶外開放式吸菸區,24小時開放,25.04602,121.54877,敦化南路1段1(02)1號前南向快慢車道分隔島,https://lh3.googleusercontent.com/d/1TLYLfpOcHXWfX19i7nZ1U2X-Zjz4BVtr,設置：臺北市政府交通局；維護清潔：臺北市政府工務局公園路燈工程管理處、臺北市政府環境保護局,(02)27208889-6866,本位置資訊僅供參考，實際情形以現場公告及標示為準
松山區,敦化北路1,敦化北路122號前南向快慢車道分隔島,戶外開放式吸菸區,24小時開放,25.05403,121.54874,敦化北路122號前南向快慢車道分隔島,https://lh3.googleusercontent.com/d/19fu1e_-J6qSt0ao3qe-vNh2jeGZPjtxP,設置：臺北市政府交通局；維護清潔：臺北市政府工務局公園路燈工程管理處、臺北市政府環境保護局,(02)27208889-6866,本位置資訊僅供參考，實際情形以現場公告及標示為準
松山區,敦化北路2,敦化北路170號前南向快慢車道分隔島,戶外開放式吸菸區,24小時開放,25.05695,121.54881,敦化北路170號前南向快慢車道分隔島,https://lh3.googleusercontent.com/d/1HIVu6mlRngBzjl7kZlXWcG6sgPoYweVN,設置：臺北市政府交通局；維護清潔：臺北市政府工務局公園路燈工程管理處、臺北市政府環境保護局,(02)27208889-6866,本位置資訊僅供參考，實際情形以現場公告及標示為準
松山區,敦化北路3,敦化北路260號前南向快慢車道分隔島,戶外開放式吸菸區,24小時開放,25.06106,121.55031,敦化北路260號前南向快慢車道分隔島,https://lh3.googleusercontent.com/d/18Cp_L1nmRYrUZyYDPmsEjnZCod58R4JJ,設置：臺北市政府交通局；維護清潔：臺北市政府工務局公園路燈工程管理處、臺北市政府環境保護局,(02)27208889-6866,本位置資訊僅供參考，實際情形以現場公告及標示為準
信義區,臺北市信義區行政中心,福德街86號,戶外開放式吸菸區,24小時開放,25.03767,121.58134,信義區行政中心西北側(近福德街84巷),https://lh3.googleusercontent.com/d/1um-_l_IFePe0GK8HVLEpfcUoBbyVVUbQ,臺北市信義區公所,(02)27239777-109,本位置資訊僅供參考，實際情形以現場公告及標示為準
中正區,臺北市中正區行政中心,羅斯福路1段8號,戶外開放式吸菸區,24小時開放,25.03252,121.51822,中正紀念堂2號出口旁,https://lh3.googleusercontent.com/d/1q8JJvXt9vTK5wsKsZnjuHh4dmIMjF4Fq,臺北市中正區公所,(02)23416721-210,本位置資訊僅供參考，實際情形以現場公告及標示為準
大安區,臺北市大安區行政中心,新生南路2段86號,戶外開放式吸菸區,24小時開放,25.02675,121.53445,行政中心北側,https://lh3.googleusercontent.com/d/1JSEKjxts7tf59-t6sSwgu7EeCmew_Oa4,臺北市大安區公所,(02)23511711-9206,本位置資訊僅供參考，實際情形以現場公告及標示為準
內湖區,臺北市內湖區行政中心,民權東路六段99號,戶外開放式吸菸區,24小時開放,25.06921,121.58947,行政中心平面停車場入口右側,https://lh3.googleusercontent.com/d/1QzsnaThgm2o7eoZWIK2M7UdVUEdVwRt4,臺北市內湖區公所,(02)27925828-328,本位置資訊僅供參考，實際情形以現場公告及標示為準
大安區,延吉廢鐵道平面停車場,延吉街131巷1弄26號,戶外開放式吸菸區,24小時開放,25.043697,121.55453,延吉街131巷1弄26號前方,https://lh3.googleusercontent.com/d/15S2pxgEAi00MUdXydPxsflnZEykhZ-lp,臺北市停車管理工程處,(02)27590666-6411,本位置資訊僅供參考，實際情形以現場公告及標示為準
南港區,臺北市南港區行政中心,南港路1段360號(後門) (興中街12巷側),戶外開放式吸菸區,08:10~18:00,25.054847,121.606778,南港區行政中心(後門),https://lh3.googleusercontent.com/d/1WA192PPw2nkbEMG8kfBFOfB2PN_i0kF7,臺北市南港區公所,(02)27831343-617,本位置資訊僅供參考，實際情形以現場公告及標示為準
中山區,臺北市中山區行政中心,松江路367號,戶外開放式吸菸區,24小時開放,25.06461,121.53376,行政中心北側門車道出口旁(臨農安街166巷口),https://lh3.googleusercontent.com/d/1DCfZa829TJUPh5zRmwvDixHAxWg26eT2,臺北市中山區公所,(02)25031369-201或617,本位置資訊僅供參考，實際情形以現場公告及標示為準
中正區,行一大客車平面停車場,北平東路及天津街口,戶外負壓式吸菸區,08:00~24:00,25.04744,121.52212,停車場出入口右側草坪,https://lh3.googleusercontent.com/d/1lUz4piicw16bljW4Y_axZ3zMZTO-dRp6,臺北市停車管理工程處,(02)27590666-6411,本位置資訊僅供參考，實際情形以現場公告及標示為準
中正區,西門町商圈1,衡陽路105號,戶外負壓式吸菸區,08:00-24:00,25.042271,121.508744,捷運西門站4號出口後方,https://lh3.googleusercontent.com/d/1Xu5XBMjs2GLs-k-amQ75zbE-S5fV8l79,臺北市中正區公所,(02)23416721,本位置資訊僅供參考，實際情形以現場公告及標示為準
萬華區,西門町商圈2,中華路1段138號,戶外負壓式吸菸區,08:00-24:00,25.04335,121.508365,臺灣鹽酥雞 西門直營店前,https://lh3.googleusercontent.com/d/1suh4i2WQrg--Rg5JC4wyRrh-57Egc6oF,臺北市萬華區公所,(02)23064468-317,本位置資訊僅供參考，實際情形以現場公告及標示為準
萬華區,西門町商圈3,武昌街2段37號,戶外負壓式吸菸區,08:00-24:00,25.04471,121.507575,屈臣氏旁,https://lh3.googleusercontent.com/d/1Uyb_XUvgHDD-CN3Ff45PzAB-CwZlaH12,臺北市萬華區公所,(02)23064468-317,本位置資訊僅供參考，實際情形以現場公告及標示為準
南港區,中國信託金融園區1,經貿二路168號,戶外開放式吸菸區,24小時開放,25.058479,121.616429,A棟吸煙區,,中國信託商業銀行股份有限公司（中國信託金融園區管理中心）,(02)33277777-6885、8130,本位置資訊僅供參考，實際情形以現場公告及標示為準
南港區,中國信託金融園區2,經貿二路188號,戶外開放式吸菸區,24小時開放,25.059652,121.615073,B棟吸煙區,,中國信託商業銀行（中國信託金融園區管理中心）,(02)33277777-6885、8130,本位置資訊僅供參考，實際情形以現場公告及標示為準
南港區,中國信託金融園區3,經貿二路188-1號,戶外開放式吸菸區,24小時開放,25.058311,121.614598,C棟吸煙區,,中國信託商業銀行（中國信託金融園區管理中心）,(02)33277777-6885、8130,本位置資訊僅供參考，實際情形以現場公告及標示為準
松山區,臺北市松山區行政中心,八德路4段692號,戶外開放式吸菸區,24小時開放,25.049572,121.577141,行政中心後方空地,https://lh3.googleusercontent.com/d/1AIJzK3nf7tLqfpf0R6KRVmeJbAxP1FGn,臺北市松山區公所,(02)87878787-116,本位置資訊僅供參考，實際情形以現場公告及標示為準
大同區,臺北市大同區行政中心,昌吉街57號1樓,戶外負壓式吸菸區,08:00-22:00,25.06623,121.51601,行政中心西側,https://lh3.googleusercontent.com/d/1xplEUw9mdakqiyFd0ZGrPUunSp8eZdjp,臺北市大同區公所,(02)25975323-607,本位置資訊僅供參考，實際情形以現場公告及標示為準
大同區,心中山商圈-線形公園1,大同區南京西路25巷,戶外負壓式吸菸區,08:00-24:00,25.053772,121.520337,中山地下街R7出口後方,https://lh3.googleusercontent.com/d/1vX5o7eLrRcQi0ZCKkyhvN3ThdkbihQX7,臺北大眾捷運股份有限公司,(02)21812345,本位置資訊僅供參考，實際情形以現場公告及標示為準
北投區,建民公園旁,文林北路80巷90弄33-1號,戶外開放式吸菸區,24小時開放,25.106348,121.52067,福興宮旁空地,https://lh3.googleusercontent.com/d/1gncA3epeAf9fxEO1_kNNttFvtCqGTdsz,臺北市北投區公所,(02)28282580,本位置資訊僅供參考，實際情形以現場公告及標示為準
北投區,文林橋下,文林北路53巷、文林路5巷交叉口,戶外開放式吸菸區,24小時開放,25.102146,121.517612,中正高中斜對面,https://lh3.googleusercontent.com/d/1YM9tWQ2ST6gfnNpoSfktBZhoHQGvzl2c,臺北市北投區公所,(02)28226177,本位置資訊僅供參考，實際情形以現場公告及標示為準
內湖區,西湖派出所旁,瑞光路515號,戶外開放式吸菸區,24小時開放,25.079277,121.569017,西湖派出所右側空地,https://lh3.googleusercontent.com/d/1whthnToUYny8GW7B_fAOXLi8ZNDVxpKl,臺北市內湖區公所,(02)27925828-230,本位置資訊僅供參考，實際情形以現場公告及標示為準
內湖區,西湖綜合大樓,內湖路1段285號,戶外開放式吸菸區,24小時開放,25.08286,121.56677,市場入口側及機車臨停區域,https://lh3.googleusercontent.com/d/1ulKUuLHTa-nkO3yaA92Mw7JURHrMRKth,臺北市內湖區公所,(02)27925828-230,本位置資訊僅供參考，實際情形以現場公告及標示為準
文山區,興隆路3段192巷8弄路口,興隆路3段192巷8弄與興隆路3段交叉口,戶外開放式吸菸區,24小時開放,24.99661,121.55975,興隆路3段192巷8弄路口,https://lh3.googleusercontent.com/d/1caueaSXcgxp9B5oG4D_4sTsUNgxqaEm-,臺北市文山區公所,(02)29365522-213,本位置資訊僅供參考，實際情形以現場公告及標示為準
文山區,臺北市文山運動中心,興隆路3段222號,戶外開放式吸菸區,06:00-22:00,24.99696,121.55909,運動中心後門停車場空地,https://lh3.googleusercontent.com/d/1NKSlAJDk9zdCY7kRH7pspM0pqkIWsSi1,臺北市文山運動中心,(02)22308268,本位置資訊僅供參考，實際情形以現場公告及標示為準
南港區,南港軟體園區1,園區街3號(園區G棟2樓東側),戶外開放式吸菸區,24小時開放,25.0577852,121.6121641,南港軟體園區2樓東側,https://lh3.googleusercontent.com/d/1BlqlotEVh1PaHgejyXEhQRd-JO11pMHV,南港軟體工業園區二期管理委員會,(02)26553093,本位置資訊僅供參考，實際情形以現場公告及標示為準
南港區,南港軟體園區2,園區街3號(園區H棟2樓東側),戶外開放式吸菸區,24小時開放,25.057326,121.61214,南港軟體園區2樓東側,https://lh3.googleusercontent.com/d/1pBKdAQaIOVh7D_klJYvyjzM-p4fo4nWQ,南港軟體工業園區二期管理委員會,(02)26553093,本位置資訊僅供參考，實際情形以現場公告及標示為準
中正區,板溪里綠地內1,晉江街4巷內綠地,戶外開放式吸菸區,24小時開放,25.026265,121.520554,綠地內左側,https://lh3.googleusercontent.com/d/1wRkcvCoStW6OPbPtsh7BYUpggk1Z5_35,臺北市中正區公所,(02)23416721-258,本位置資訊僅供參考，實際情形以現場公告及標示為準
中正區,板溪里綠地內2,和平西路1段36號旁綠地,戶外開放式吸菸區,24小時開放,25.026467,121.52023,綠地內左側,https://lh3.googleusercontent.com/d/1u-6Jncc0n5qLDuBkA8xZlhu3yHV9Zr1z,臺北市中正區公所,(02)23416721-258,本位置資訊僅供參考，實際情形以現場公告及標示為準
中山區,中山區第一停車場,民權東路2段145號,戶外開放式吸菸區,24小時開放,25.062856,121.536609,建國北路3段小客車出入口旁,https://lh3.googleusercontent.com/d/1I_IOpqXK5yx-YaI2N_Y2bQQzNBJIqYhJ,臺北市中山區公所,(02)25031369-362,本位置資訊僅供參考，實際情形以現場公告及標示為準
中山區,建國高架橋下,民權東路2段與建國北路3段交叉口,戶外開放式吸菸區,24小時開放,25.062563,121.536935,嘟嘟房停管中心側,https://lh3.googleusercontent.com/d/1mkhXdUWrBRv2oXQlqBGE2_0zSq3KeMYK,臺北市中山區公所,(02)25031369-362,本位置資訊僅供參考，實際情形以現場公告及標示為準
萬華區,鄰近臺北好好看公園,康定路239號旁之綠地外退縮地,戶外開放式吸菸區,24小時開放,25.0351,121.50148,康定路239號旁之綠地外退縮地,https://lh3.googleusercontent.com/d/1wGdWvK5eqi8rmNembUVnimCnS7ausc2a,臺北市萬華區公所,(02)23064468-114,本位置資訊僅供參考，實際情形以現場公告及標示為準
萬華區,西園路1段306巷6號及艋舺大道交叉口,西園路1段306巷6號及艋舺大道交叉口,戶外開放式吸菸區,24小時開放,25.033325,121.498443,西園路1段306巷6號及艋舺大道交叉口,https://lh3.googleusercontent.com/d/18Ji-KZXYofoFyoWoUJM3WHDOY_2255zQ,臺北市萬華區公所,(02)23064468-114,本位置資訊僅供參考，實際情形以現場公告及標示為準
大同區,太原廣場,太原路13號,戶外開放式吸菸區,24小時開放,25.04932,121.51514,太原廣場（東側）,https://lh3.googleusercontent.com/d/13rhrTHKoJk-marAQstWPau9qz8UNQgVa,臺北市大同區公所,(02)25975323,本位置資訊僅供參考，實際情形以現場公告及標示為準
大同區,重慶北路3段與昌吉街路口,重慶北路3段61號人行道,戶外開放式吸菸區,24小時開放,25.06612,121.5138,重慶北路3段61號人行道,https://lh3.googleusercontent.com/d/14GfCoqVyy2VwN-YGjV7k6lqTUgBevUfW,臺北市大同區公所,(02)25975323,本位置資訊僅供參考，實際情形以現場公告及標示為準
松山區,慈祐區民活動中心(八德立體停車場),八德路4段580號,戶外開放式吸菸區,24小時開放,25.049535,121.571447,慈祐里辦公處旁,https://lh3.googleusercontent.com/d/1gSwgfjQFdnomtxDSdWRNWE5sWYHBFs5I,臺北市松山區公所,(02)87878787-818,本位置資訊僅供參考，實際情形以現場公告及標示為準
松山區,饒河疏散門(基四號疏散門) 旁,饒河街221巷5號,戶外開放式吸菸區,24小時開放,25.051388,121.576431,饒河疏散門(基四號疏散門) 旁,https://lh3.googleusercontent.com/d/16MGZ_I7fFjniQhIfMebHnuKKTnYMqy-n,臺北市松山區公所,(02)87878787-818,本位置資訊僅供參考，實際情形以現場公告及標示為準
士林區,遠東SOGO台北天母店,中山北路6段77號,戶外開放式吸菸區,24小時開放,25.104638,121.523915,天母SOGO停車場旁,https://lh3.googleusercontent.com/d/1HtkysjPUv8J3HzvEvUzwQDe_VrM_i1Kx,遠東SOGO台北天母店,(02)27765555,本位置資訊僅供參考，實際情形以現場公告及標示為準
士林區,中鼎集團大樓,德行西路25號,戶外開放式吸菸區,24小時開放,25.10595,121.524078,中鼎集團大樓旁停車場,https://lh3.googleusercontent.com/d/1WflyYR-9Onz6U8inndVJRPYUBNYYhveg,中鼎集團大樓,(02)28339999,本位置資訊僅供參考，實際情形以現場公告及標示為準
信義區,新坡福德宮,吳興街600巷46號,戶外開放式吸菸區,24小時開放,25.01918,121.5705304,新坡福德宮金爐旁空地,https://lh3.googleusercontent.com/d/19JwXiFZVpvqhD8vHdNQEtKIZsDaoXZcN,臺北市信義區公所,(02)27239777,本位置資訊僅供參考，實際情形以現場公告及標示為準
信義區,三張犁派出所後,信義路5段17號,戶外開放式吸菸區,24小時開放,25.03311,121.5677,三張犁派出所後,https://lh3.googleusercontent.com/d/1N5fPOHDr_oQ8u6RB5-xJijHSGm585kxF,臺北市信義區公所,(02)27239777,本位置資訊僅供參考，實際情形以現場公告及標示為準
大安區,新生南路1段與八德路2段交叉口(125號綠地)旁邊,新生南路1段1號,戶外開放式吸菸區,24小時開放,25.044348,121.533076,北科大綠光庭園出口左側,https://lh3.googleusercontent.com/d/1N4xA91EWA9Yqa9G0yXK-aum1ScPeZDvr,臺北市大安區公所,(02)23511711,本位置資訊僅供參考，實際情形以現場公告及標示為準
大安區,濟南路3段與建國南路1段路口高架橋下,濟南路3段72號對面建國高架橋下,戶外開放式吸菸區,24小時開放,25.040057,121.537477,彩券行對面建國高架橋下,https://lh3.googleusercontent.com/d/1bKiP9PC2X9VFTc51NmMIqkOymmNxGn2N,臺北市大安區公所,(02)23511711,本位置資訊僅供參考，實際情形以現場公告及標示為準
信義區,臺北市市政大樓3,市府路1號1樓西北區,戶外開放式吸菸區,24小時開放,25.038015,121.563943,1樓西北區露臺,https://lh3.googleusercontent.com/d/1qZysbbp7mY8VSrIZe8Wsu8TagIjY2aJh,臺北市市政大樓公共事務管理中心,(02)27208889-8608,本位置資訊僅供參考，實際情形以現場公告及標示為準
松山區,臺北小巨蛋,南京東路4段2號,戶外開放式吸菸區,24小時開放,25.049929,121.549278,臺北小巨蛋近地下停車場出入口,https://lh3.googleusercontent.com/d/1q8BGGmDCM5IIeQ0jEzh3hU9yZUhX3hnF,北捷遊憩股份有限公司,(02)25783536-164,本位置資訊僅供參考，實際情形以現場公告及標示為準
中正區,財政局停車場1,汀州路2段13巷2弄11號旁,戶外開放式吸菸區,24小時開放,25.0263,121.51514,停車場設車阻處,https://lh3.googleusercontent.com/d/15TRzoenXZ5atQkOLeiIk1PaMkpc2RFcN,臺北市政府財政局,(02)27208889-1155,本位置資訊僅供參考，實際情形以現場公告及標示為準
中正區,財政局停車場2,信義路2段243巷巷口,戶外開放式吸菸區,24小時開放,25.03386,121.53095,繳費機旁臨人行道側,https://lh3.googleusercontent.com/d/1PpWFgT1YLgPOuTucFBGiG3wCFPblWfCy,臺北市政府財政局,(02)27208889-1155,本位置資訊僅供參考，實際情形以現場公告及標示為準
中山區,財政局停車場3,中山北路2段42巷32號旁,戶外開放式吸菸區,24小時開放,25.054616,121.521104,運動中心南側停車場西側位置（臨中山北路2段42巷）,https://lh3.googleusercontent.com/d/183sxEobzdbugtntgme17rdB39U6k8Mce,臺北市政府財政局（委請臺北市停車管理處維管）,(02)27208889-1186、(02)27590666-6328,本位置資訊僅供參考，實際情形以現場公告及標示為準
中山區,新生北路二段78號橋下,新生北路2段78號橋下,戶外開放式吸菸區,24小時開放,25.05781,121.52757,橋下迴轉道,https://lh3.googleusercontent.com/d/1ZfiX07xfDWgp6YfaktJnrUtZLJCojWdg,臺北市政府工務局新建工程處,(02)25413092,本位置資訊僅供參考，實際情形以現場公告及標示為準
內湖區,內湖污水處理廠,舊宗路2段2號,戶外開放式吸菸區,24小時開放,25.068039,121.574548,舊宗路2段西側靠內湖休閒運動公園側,https://lh3.googleusercontent.com/d/1HH5ZLkUfZa5jzA_iEAX2Jncx7s59lmrg,臺北市政府工務局工務局衛生下水道工程處,(02)87919494-157,本位置資訊僅供參考，實際情形以現場公告及標示為準
中山區,抽水站總管理中心,中山區濱江街3號,戶外開放式吸菸區,24小時開放,25.071112,121.529195,總管理中心1樓左側,https://lh3.googleusercontent.com/d/1bFZTKHPETX-KTjoo7s51tp1FQNx0EP_v,臺北市政府工務局工務局水利處,(02)25956630,本位置資訊僅供參考，實際情形以現場公告及標示為準
士林區,士林官邸公園,福林路60號,戶外開放式吸菸區,24小時開放,25.095148,121.530964,士林官邸公園門口前往左走至滯洪池處,https://lh3.googleusercontent.com/d/1Hzg2ONrc6jf5z0Je67ADnixJ0v1j9xRo,臺北市政府工務局工務局公園處,(02)28812512,本位置資訊僅供參考，實際情形以現場公告及標示為準
士林區,劍潭青年活動中心,中山北路4段16號,戶外開放式吸菸區,24小時開放,25.077703,121.523975,住宿大樓北側草坪區(涼亭),,臺北市政府工務局工務局大地處,(02)27593001-3324,本位置資訊僅供參考，實際情形以現場公告及標示為準
中正區,臺北市政府警察局中正第一分局,公園路15號,戶外開放式吸菸區,24小時開放,25.045211,121.517521,分局本部後門外,https://lh3.googleusercontent.com/d/1iib0a-ETM1OtnbxifGLl1XGle2nGUOG1,臺北市政府警察局中正第一分局,(02)23143306,本位置資訊僅供參考，實際情形以現場公告及標示為準
士林區,臺北市政府警察局士林分局,文林路235號,戶外開放式吸菸區,24小時開放,25.090668,121.526303,分局本部後門外,https://lh3.googleusercontent.com/d/1Y7dy6Vvb6GrFFlE-UkPiYBka3MH8n-2l,臺北市政府警察局士林分局,(02)28813851,本位置資訊僅供參考，實際情形以現場公告及標示為準
北投區,臺北市政府警察局北投分局大屯派出所,中和街534號,戶外開放式吸菸區,24小時開放,25.145547,121.493381,派出所外左側空地,https://lh3.googleusercontent.com/d/1jk2NDGhS_21wjdsj718WmZCZ9HjjCcYp,臺北市政府警察局北投分局,(02)28913807,本位置資訊僅供參考，實際情形以現場公告及標示為準
大同區,臺北市政府警察局刑事警察大隊,重慶北路2段219號,戶外開放式吸菸區,24小時開放,25.061303,121.513816,大隊本部外右後方空間,https://lh3.googleusercontent.com/d/16g5F0b1mjUci6_ePNCVK8L9z-6u_pMSr,臺北市政府警察局刑事警察大隊,(02)23817238,本位置資訊僅供參考，實際情形以現場公告及標示為準
信義區,臺北市政府警察局少年警察隊暨婦幼警察隊,信義路5段180號,戶外開放式吸菸區,24小時開放,25.033011,121.574448,隊本部外右側空間,https://lh3.googleusercontent.com/d/1KSY8gfa6VKb6S20U-YyQDOMDvBPAEAGj,臺北市政府警察局少年警察隊暨婦幼警察隊,(02)27599992,本位置資訊僅供參考，實際情形以現場公告及標示為準
士林區,臺北市政府警察局民防管制中心,中山北路5段378巷31號,戶外開放式吸菸區,24小時開放,25.090121,121.529928,中心本部外前方空地,https://lh3.googleusercontent.com/d/1s5G5ansPKQXGbQy6bTPugZYvlrqY_LHZ,臺北市政府警察局民防管制中心,(02)88611124-1161,本位置資訊僅供參考，實際情形以現場公告及標示為準
南港區,山豬窟游泳池館,舊莊街1段290巷32號,戶外開放式吸菸區,24小時開放,25.03216,121.62427,山豬窟游泳池館西北側,https://lh3.googleusercontent.com/d/1GqVyPvStqQfnlbgRmBDtL90ug7YdUxBv,臺北市政府環境保護局,(02)26511434-122,本位置資訊僅供參考，實際情形以現場公告及標示為準
內湖區,內湖再生家具展示拍賣場,行忠路178巷1號,戶外開放式吸菸區,24小時開放,25.06624,121.58403,資源回收場出入口左側人行道退縮空地,https://lh3.googleusercontent.com/d/16NtSfNZOt2IZvV6xQN660m6wXqGjk-xX,臺北市政府環境保護局,(02)27919622-304,本位置資訊僅供參考，實際情形以現場公告及標示為準
內湖區,葫蘆洲運動公園,安康路228巷20號,戶外開放式吸菸區,05:00-22:00,25.06273,121.60358,葫蘆洲運動公園內，內湖垃圾焚化廠警衛室後方,https://lh3.googleusercontent.com/d/13uacFm6fEHqNPffaCRsWg2gx9gg8KFKl,臺北市政府環境保護局內湖垃圾焚化廠,(02)27961833-352,本位置資訊僅供參考，實際情形以現場公告及標示為準
文山區,博嘉運動公園,木柵路4段159巷16號,戶外開放式吸菸區,24小時開放,25.00076,121.5754,1樓側門旁,https://lh3.googleusercontent.com/d/1IXdTVw7XHMIW4Uof27vW1StJOFdcfYDE,臺北市政府環境保護局木柵垃圾焚化廠,(02)22395494,本位置資訊僅供參考，實際情形以現場公告及標示為準
北投區,洲美運動公園,洲美街271號,戶外開放式吸菸區,24小時開放,25.10953,121.4991,回饋設施主題館外,https://lh3.googleusercontent.com/d/1a3smWVrs-JujuUVEGFa2Iw6BzfoJyp-Z,臺北市政府環境保護局北投垃圾焚化廠,(02)28360050-112,本位置資訊僅供參考，實際情形以現場公告及標示為準
中正區,自來水園區1,思源街1號,戶外開放式吸菸區,24小時開放,25.01231,121.53282,淤泥場旁,https://lh3.googleusercontent.com/d/1huBKATcuPx3DAD1oYyAVl3dIcOxnL8Pu,臺北自來水事業處,(02)83695002,本位置資訊僅供參考，實際情形以現場公告及標示為準
中正區,自來水園區2,思源街1號,戶外開放式吸菸區,24小時開放,25.01088,121.52879,水岸廣場(河堤邊),https://lh3.googleusercontent.com/d/1wAgByY_rAIl4xPqLCdbj7sNSwUXLELGa,臺北自來水事業處,(02)83695002,本位置資訊僅供參考，實際情形以現場公告及標示為準
松山區,東區營業分處,光復北路266號,戶外開放式吸菸區,24小時開放,25.05943,121.55456,1樓側門戶外空間,https://lh3.googleusercontent.com/d/1a_n0Zfgnq-GgKbgpZWjrZmHLDmeNzwKh,臺北自來水事業處東區營業分處,(02)87703357,本位置資訊僅供參考，實際情形以現場公告及標示為準
中正區,西區營業分處,牯嶺街38號,戶外開放式吸菸區,24小時開放,25.02967,121.51646,建物側邊機車停放處,https://lh3.googleusercontent.com/d/16ufGM5leYDO9rOM7AXWhZbiiCrt8E8Bj,臺北自來水事業處西區營業分處,(02)33431651,本位置資訊僅供參考，實際情形以現場公告及標示為準
士林區,陽明營業分處,中山北路5段82之1號,戶外開放式吸菸區,24小時開放,25.08396,121.52613,1樓門口右前方-停車場旁空地,https://lh3.googleusercontent.com/d/1Dm3f4IBzd7uhvKHrWQyFhxnjK47L16_S,臺北自來水事業處陽明營業分處,(02)28882103,本位置資訊僅供參考，實際情形以現場公告及標示為準
北投區,捷運工程局第一區工程處,大業路527巷86號1樓,戶外開放式吸菸區,24小時開放,25.135031,121.484214,中央試驗大樓前門往停車場方向入口處,https://lh3.googleusercontent.com/d/1M-v72x8rFcZgRXglEVOX2Wa3WyN3Nbwi,臺北市政府捷運工程局第一區工程處,(02)28969633-326,本位置資訊僅供參考，實際情形以現場公告及標示為準
中山區,捷運行政大樓,中山北路2段48巷7號,戶外開放式吸菸區,24小時開放,25.055959,121.521574,捷運行政大樓1樓廣場左側(面對捷運大樓),https://lh3.googleusercontent.com/d/17mmfDhsg7bxkklkQyN49Kh3WPLatSlEf,臺北市政府捷運工程局,(02)25215550-8640,本位置資訊僅供參考，實際情形以現場公告及標示為準
內湖區,防災館,成功路2段376號,戶外開放式吸菸區,24小時開放,25.06968,121.59022,防災館成功路側與內湖分隊之間空間,https://lh3.googleusercontent.com/d/16oUHfLNqQBqDVRYBF7m-HBSdwRGKUBJ3,臺北市政府消防局,(02)27297668-8315,本位置資訊僅供參考，實際情形以現場公告及標示為準
文山區,木柵分隊,木柵路二段200號,戶外開放式吸菸區,24小時開放,24.99043,121.56676,木柵分隊車庫旁,https://lh3.googleusercontent.com/d/10QFPV7L5Y8YDwC1rQGh9djEhQHFeNb_H,臺北市政府消防局木柵分隊,(02)27297668-7173,本位置資訊僅供參考，實際情形以現場公告及標示為準
信義區,信義分隊,松仁路1號,戶外開放式吸菸區,24小時開放,25.04063,121.56923,信義分隊1樓東側草皮空地,https://lh3.googleusercontent.com/d/1OwRxCtztHNth7PPBzf0U2Rd5_s5J04fS,臺北市政府消防局信義分隊,(02)27297668-7236,本位置資訊僅供參考，實際情形以現場公告及標示為準
中山區,圓山分隊,民族東路41號,戶外開放式吸菸區,24小時開放,25.068637,121.53015,圓山分隊駐地旁空地,https://lh3.googleusercontent.com/d/16xhbu8YGuXgzeYwTB4MZl2slueyVuS-R,臺北市政府消防局圓山分隊,(02)27297668-7352,本位置資訊僅供參考，實際情形以現場公告及標示為準
大同區,大同分隊,重慶北路二段223號,戶外開放式吸菸區,24小時開放,25.06136,121.51402,大同分隊1樓後側停車場出口右側,https://lh3.googleusercontent.com/d/1kS8-rWwoXTclO_V1m_Ly9tKR-8LPKk3f,臺北市政府消防局大同分隊,(02)27297668-7453,本位置資訊僅供參考，實際情形以現場公告及標示為準
文山區,貓空纜車,新光路2段8號,戶外開放式吸菸區,24小時開放,24.995765,121.576208,纜車動物園站外近水舞劇場,https://lh3.googleusercontent.com/d/1axSi7u7bDZecfiuBO4-YmwTSGp_uYcwZ,北捷遊憩股份有限公司,(02)25783536-164,本位置資訊僅供參考，實際情形以現場公告及標示為準
北投區,臺北捷運-北投園區,大業路527巷88號,戶外開放式吸菸區,24小時開放,25.13436,121.48341,北投會館南側,https://lh3.googleusercontent.com/d/197zHA-JG3LaQ2VLM5Bf1uMs5381fW-ID,臺北大眾捷運股份有限公司,(02)21812345,本位置資訊僅供參考，實際情形以現場公告及標示為準
大同區,捷運線形公園,市民大道1段209號,戶外開放式吸菸區,24小時開放,25.048947,121.519252,中山地下街R1出口後廣場,https://lh3.googleusercontent.com/d/11DxOitKe4ZWIAIO1u8D6QFY1RdCOoobZ,臺北大眾捷運股份有限公司,(02)21812345,本位置資訊僅供參考，實際情形以現場公告及標示為準
中山區,臺北廣播電臺,中山北路3段62-2號3、4樓,戶外開放式吸菸區,24小時開放,25.072776,121.523633,1樓停車場入口旁,https://lh3.googleusercontent.com/d/1w4AprwPx6QH8JoRpxLQ1ma1KTTC79DSK,臺北廣播電臺,(02)25951233-51,本位置資訊僅供參考，實際情形以現場公告及標示為準
內湖區,宏匯瑞光廣場,瑞光路335號旁戶外吸菸區,戶外開放式吸菸區,24小時開放,25.077504,121.574696,臺北市內湖區瑞光路335號旁戶外吸菸區,https://lh3.googleusercontent.com/d/195NSpK8yxemgDTbM-5C0UiL9A04QI6wE,臺北市政府產業發展局依促進民間參與公共建設法委託宏匯瑞光股份有限公司管理,(02)7717-2121,本位置資訊僅供參考，實際情形以現場公告及標示為準
士林區,士東市場,士東路100號,戶外開放式吸菸區,防水修繕工程施作中，預計至8月25日前暫不開放,25.1119,121.5294,士東市場頂樓,https://lh3.googleusercontent.com/d/18ZUMXqh02AlFU0GA-99TES85FCEYE5oD,臺北市市場處,(02)28345308,本位置資訊僅供參考，實際情形以現場公告及標示為準
萬華區,環南市場1,環河南路2段245號,戶外開放式吸菸區,24小時開放,25.02825,121.48938,環南市場一期碼頭(環河南路側),https://lh3.googleusercontent.com/d/1QsYSuFF52gYJmKJtB5qYfjGoP-iva9fZ,臺北市市場處,(02)23051160,本位置資訊僅供參考，實際情形以現場公告及標示為準
萬華區,環南市場2,環河南路2段245號,戶外開放式吸菸區,24小時開放,25.02944,121.49052,環南市場二期碼頭(西藏路側),https://lh3.googleusercontent.com/d/16fHtr1mWyP9yY5EuYgJ9E2mlrOZ1g0kP,臺北市市場處,(02)23051160,本位置資訊僅供參考，實際情形以現場公告及標示為準
中正區,臺北市政府衛生局社區心理衛生中心,金山南路1段5號,戶外開放式吸菸區,8:30-22:00,25.04161,121.52958,中庭處,https://lh3.googleusercontent.com/d/12-4093Dh9RQtpY90QHDPEiI1sbU5G81m,臺北市政府衛生局社區心理衛生中心,(02)3393-6779-24,本位置資訊僅供參考，實際情形以現場公告及標示為準
大同區,臺北市大同區健康服務中心,昌吉街52號,戶外開放式吸菸區,24小時開放,25.06565,121.51609,中心大樓後方人行道,https://lh3.googleusercontent.com/d/11rURQbBHxaNk1kgZINftleeAjsoYQWTC,臺北市大同區健康服務中心,(02)25853227-6659,本位置資訊僅供參考，實際情形以現場公告及標示為準
北投區,臺北市北投區健康服務中心(環境檢驗大樓),石牌路2段111號,戶外開放式吸菸區,24小時開放,25.118428,121.517009,,https://lh3.googleusercontent.com/d/1e1tzDUOh1NGRSrAV1dhdu2PxsA3U6nOQ,臺北市北投區健康服務中心(環境檢驗大樓),(02)28261026-7263,本位置資訊僅供參考，實際情形以現場公告及標示為準
信義區,臺北市立聯合醫院松德院區,松德路309號,戶外開放式吸菸區,24小時開放,25.030589,121.575253,第一院區與急診室之間戶外區域,https://lh3.googleusercontent.com/d/1KwZPAYW7z1n-WEA_WWhwHkT6Nt6MbRdr,臺北市立聯合醫院松德院區,(02)27263141-1378,本位置資訊僅供參考，實際情形以現場公告及標示為準
北投區,致遠公園,石牌路1段166巷側,戶外開放式吸菸區,24小時開放,25.111644,121.515542,致遠公園（石牌路一段166巷側）,https://lh3.googleusercontent.com/d/1_6O3jI9q4aIjf7Amegma6UaitgeW6HuN,臺北市北投區公所,(02)28231593,本位置資訊僅供參考，實際情形以現場公告及標示為準
北投區,榮光公園,西安街1段313巷16弄側,戶外開放式吸菸區,24小時開放,25.114827,121.514609,榮光公園旁（西安街一段313巷16弄側）,https://lh3.googleusercontent.com/d/13x9qFwCRRLys5m1o8X0lFFTh7_g3jWNe,臺北市北投區公所,(02)28231593,本位置資訊僅供參考，實際情形以現場公告及標示為準
文山區,臺北市立動物園,新光路2段30號,戶外開放式吸菸區,24小時開放,24.997232,121.579287,動物保育公園貓空纜車意象後方,https://lh3.googleusercontent.com/d/1HVWfJCx7xR-nkOAVeL-Zi81Sdx8j7XOM,臺北市立動物園,(02)29382300-302,本位置資訊僅供參考，實際情形以現場公告及標示為準
中山區,臺北市立美術館,中山北路3段181號,戶外開放式吸菸區,依本館開館時間開放,25.07159,121.52493,鄰近停車場旁之六米廊道底端,https://lh3.googleusercontent.com/d/1HXkxL1A3Rb6i6_08OewcU8uw1P4F7N84,臺北市立美術館,(02)25957656,本位置資訊僅供參考，實際情形以現場公告及標示為準
內湖區,臺北市政府警察局內湖分局文德派出所,民權東路六段26號,戶外開放式吸菸區,24小時開放,25.06633,121.578965,文德派出所後方空間,https://lh3.googleusercontent.com/d/1p9baafxXTgY9aQRZS8KU8XSjaIru1QBa,臺北市政府警察局內湖分局,(02)27909716,本位置資訊僅供參考，實際情形以現場公告及標示為準
大同區,臺北市政府警察局大同分局,錦西街200號,戶外開放式吸菸區,24小時開放,25.059322,121.515342,分局本部左側門外,https://lh3.googleusercontent.com/d/1AmytTD7n-yHN-6HTQSyTAuZvkq8VFGRs,臺北市政府警察局大同分局,(02)25532639,本位置資訊僅供參考，實際情形以現場公告及標示為準
中山區,臺北市政府警察局中山分局,中山北路2段1號,戶外開放式吸菸區,24小時開放,25.052659,121.523015,分局本部外後門機車臨時停放區,https://lh3.googleusercontent.com/d/1yI_S7bxb_ZMAjuXB2-mLwD7IrbVyc0pP,臺北市政府警察局中山分局,(02)25415341,本位置資訊僅供參考，實際情形以現場公告及標示為準
中正區,臺北市政府警察局中正第二分局泉州派出所,中華路二段503號,戶外開放式吸菸區,24小時開放,25.024343,121.512081,泉州所外右側空地,https://lh3.googleusercontent.com/d/1rMdN8fw4qfa-0GP34I5SdiDiDGE4iGX7,臺北市政府警察局中正第二分局,(02)23752041,本位置資訊僅供參考，實際情形以現場公告及標示為準
文山區,臺北市政府警察局文山第二分局,景中街2號,戶外開放式吸菸區,24小時開放,24.992503,121.541254,分局本部停車場出入口右側,https://lh3.googleusercontent.com/d/1TQ-ST6bQI4B-oi-dHJJDPNDKrkyD7np1,臺北市政府警察局文山第二分局,(02)29348641,本位置資訊僅供參考，實際情形以現場公告及標示為準
中正區,臺北市政府警察局交通警察大隊,愛國西路26號,戶外開放式吸菸區,24小時開放,25.034988,121.511119,大隊本部側門,https://lh3.googleusercontent.com/d/1jgmGVb5MQnZJ3oTa1UhxIKT4oJ-PO4zi,臺北市政府警察局交通警察大隊,(02)23312750,本位置資訊僅供參考，實際情形以現場公告及標示為準
中正區,臺北市中山堂,延平南路98號,戶外開放式吸菸區,24小時開放,25.043407,121.509855,面對中山堂酉陽街側出入口之左方位置,https://lh3.googleusercontent.com/d/1DR--ZRALfGyxb1XIuCwYJQUzx_CwFzG7,臺北市中山堂管理所,(02)23873137-229,本位置資訊僅供參考，實際情形以現場公告及標示為準
中正區,寶藏巖國際藝術村,汀州路3段230巷14弄2號,戶外開放式吸菸區,24小時開放,25.044902,121.533072,寶藏巖國際藝術村河岸廣場,https://lh3.googleusercontent.com/d/1t7imSQR_9Get9Wro9UOEJArg7zJWCvMy,財團法人台北市文化基金會藝術村營運部,(02)23645313-130,本位置資訊僅供參考，實際情形以現場公告及標示為準
大安區,客家文化會館,信義路3段157巷11號,戶外開放式吸菸區,周一至周五09:00-18:00,25.03452,121.54317,客家文化會館建物東側,https://lh3.googleusercontent.com/d/1X-XDOHqnlCZ7e0Tl8lnK8zPqSoCP6Ehg,臺北市政府客家事務委員會,(02)27026141-320,本位置資訊僅供參考，實際情形以現場公告及標示為準
中正區,臺北市客家文化主題公園,汀州路3段2號,戶外開放式吸菸區,24小時開放,25.01965,121.52588,音樂戲劇中心汀州路側門,https://lh3.googleusercontent.com/d/1du3yOFLx4JYOCMPEpgCDS0GTW4CgtHzW,臺北市政府客家事務委員會,(02)23691198-338,本位置資訊僅供參考，實際情形以現場公告及標示為準
文山區,臺北市古亭地政事務所,萬隆街47之12號,戶外開放式吸菸區,24小時開放,25.00023,121.53602,驛車房-萬和地下停車場車道出口旁空地,https://lh3.googleusercontent.com/d/1XAwU58gDRajfRaQLw3fEo7eSK1j_1UHs,臺北市古亭地政事務所,(02)29355369-417,本位置資訊僅供參考，實際情形以現場公告及標示為準
南港區,南港軍人公墓忠靈堂,研究院路3段130號,戶外開放式吸菸區,8:30-16:30,25.03695,121.6096,忠靈堂二樓往三樓階梯（１）,https://lh3.googleusercontent.com/d/1jxK796sKToMxLajWcaNWqyihRmifptGi,臺北市政府兵役局,(02)27851282,本位置資訊僅供參考，實際情形以現場公告及標示為準
南港區,南港軍人公墓服務中心旁空地,研究院路3段130號,戶外開放式吸菸區,8:30-16:30,25.03475,121.61127,南港軍人公墓服務中心旁空地,https://lh3.googleusercontent.com/d/1fG-Slei-9hOoMWMXYwKbQSCeq5bGiONh,臺北市政府兵役局,(02)27851282,本位置資訊僅供參考，實際情形以現場公告及標示為準
萬華區,艋舺101大樓,艋舺大道101號,戶外開放式吸菸區,06:00-23:00,25.03354,121.50121,艋舺101大樓二樓西側外,https://lh3.googleusercontent.com/d/1KLiFpPeiKdWxJBNFwDwKjlC1pfE76EIt,臺北市政府勞動局,(02)23040518,本位置資訊僅供參考，實際情形以現場公告及標示為準
中正區,臺北市政府青年局辦公大樓,仁愛路1段17號,戶外開放式吸菸區,24小時開放,25.0397,121.5219,地下停車場入口右邊上方之人行通道,https://lh3.googleusercontent.com/d/1BAmm9zKN86a3mwoTe-7Vk5O5uZO6-j0e,臺北市政府青年局,(02)23514078-1407,本位置資訊僅供參考，實際情形以現場公告及標示為準
大同區,心中山商圈-線形公園2,南京西路25巷,戶外負壓式吸菸區,08:00-24:00,25.05726,121.52059,雙連站1號出口後方,https://lh3.googleusercontent.com/d/1ckrXSSkZHPey81UOSamph_igLanK22Uo,臺北大眾捷運股份有限公司,(02)21812345,本位置資訊僅供參考，實際情形以現場公告及標示為準
大安區,市民大道3段206號對面高架橋下,市民大道3段206號對面高架橋下,戶外開放式吸菸區,24小時開放,25.044561,121.539813,昌隆公園對面高架橋下,https://lh3.googleusercontent.com/d/10tl1GiTrOax8E3414x4saFGbIzP3DAJ_,臺北市大安區公所,(02)23511711-8203,本位置資訊僅供參考，實際情形以現場公告及標示為準
信義區,信義路12,信義路5段5號,戶外開放式吸菸區,24小時開放,25.03388,121.56323,世貿一館5號出入口（市府路側）,https://lh3.googleusercontent.com/d/1u_DRYHCTXLfAQSjP4uMxaMLsG2BTypPk,設置：臺北市政府交通局；維護清潔：臺北市政府工務局公園路燈工程管理處、臺北市政府環境保護局,(02)27208889-6866,本位置資訊僅供參考，實際情形以現場公告及標示為準
中山區,崇實區民活動中心,通北街143號,戶外開放式吸菸區,24小時開放,25.084951,121.53791,入口處左側空地,https://lh3.googleusercontent.com/d/1KGDBdKTKlGhzD4d85qsihhSvAokW4lSb,臺北市中山區公所,(02)25031369-519,本位置資訊僅供參考，實際情形以現場公告及標示為準
中山區,北安區民活動中心,北安路759巷6號,戶外開放式吸菸區,24小時開放,25.086239,121.55307,區民活動中心電梯旁空地,https://lh3.googleusercontent.com/d/1weApPBVNBDA2XXuFYzbo-Wa5L7Ov4l4Y,臺北市中山區公所,(02)25031369-519,本位置資訊僅供參考，實際情形以現場公告及標示為準
南港區,港東街139號橋下,港東街139號橋下,戶外開放式吸菸區,24小時開放,25.06021,121.62086,橋下空間,https://lh3.googleusercontent.com/d/13s0RMW7QpUunLGvSQ4fnCU3FvoTJIrw5,臺北市政府工務局新建工程處,(02)27832524,本位置資訊僅供參考，實際情形以現場公告及標示為準
士林區,至善老人安養護中心,仰德大道2段2巷50號,戶外開放式吸菸區,08:30-17:30,25.101776,121.544247,大門入口旁花圃草地,https://lh3.googleusercontent.com/d/1aGyl9tFsUO7zuUsk9ea3jTYSBwmrNMJ5,臺北市政府社會局(委外單位),(02)28832666-131,本位置資訊僅供參考，實際情形以現場公告及標示為準
文山區,老人自費安養中心,興隆路4段109號30弄6號,戶外開放式吸菸區,08:30-17:30,24.98646436,121.5633646,電動大門內機車停車區最前方,https://lh3.googleusercontent.com/d/1fyoiXOE5H1du7F1lP686jmkH5FiWP-D0,臺北市政府社會局,(02)29393146-3143,本位置資訊僅供參考，實際情形以現場公告及標示為準
中正區,水園區新天地,思源街1號,戶外負壓式吸菸區,08:00-24:00,25.01253,121.53382,量水室廣場,https://lh3.googleusercontent.com/d/1HbAGallmvhHklP6junNnLARpej7Z2Hol,臺北自來水事業處,(02)83695003,本位置資訊僅供參考，實際情形以現場公告及標示為準
南港區,東明社會住宅-乙棟,南港路2段60巷17號,戶外開放式吸菸區,24小時開放,25.05436,121.60406,社宅一樓開放戶外空間,https://lh3.googleusercontent.com/d/1a4VrnAyxlyGROCGr5-B5z1cnJtvFgjKd,東明社會住宅管理中心(委託物業管理公司),(02)26510116,本位置資訊僅供參考，實際情形以現場公告及標示為準
南港區,東明社會住宅-甲棟,南港路2段60巷16號,戶外開放式吸菸區,24小時開放,25.0542,121.60362,社宅一樓開放戶外空間,https://lh3.googleusercontent.com/d/1ddVizuZwHTiwQO8CE3c4xoZcZzOh9Ux-,東明社會住宅管理中心(委託物業管理公司),(02)26510116,本位置資訊僅供參考，實際情形以現場公告及標示為準
南港區,臺北流行音樂中心-南基地,忠孝東路7段99號,戶外開放式吸菸區,24小時開放,25.05167,121.60066,產業區冷卻水塔旁,https://lh3.googleusercontent.com/d/187bLHpQtnRkpYdDoQt2giANM6m7vzmYa,臺北流行音樂中心,(02)27886620-8315,本位置資訊僅供參考，實際情形以現場公告及標示為準
萬華區,臺北市電影主題公園,康定路19號,戶外開放式吸菸區,24小時開放,25.044902,121.503867,鄰近武昌街2段120巷轉角處,https://lh3.googleusercontent.com/d/10MnIGBh5aXu6g1C8ErfUtglyu5IGAD5r,財團法人台北市文化基金會城西營運部,(02)23119380-28,本位置資訊僅供參考，實際情形以現場公告及標示為準
士林區,士林站轉乘停車場,福德路1號,戶外開放式吸菸區,24小時開放,25.09252,121.52663,士林站停車場,https://lh3.googleusercontent.com/d/1bbP_7-Sz9wOGJnCV4RaeZ_6WejHXiTmr,臺北大眾捷運股份有限公司,(02)21812345,本位置資訊僅供參考，實際情形以現場公告及標示為準
士林區,芝山站轉乘停車場,福國路70號,戶外開放式吸菸區,24小時開放,25.10051,121.52324,芝山站南側停車場,https://lh3.googleusercontent.com/d/1ahqQy3mljEjsPLHyxuxclf1SArv_0Zil,臺北大眾捷運股份有限公司,(02)21812345,本位置資訊僅供參考，實際情形以現場公告及標示為準
北投區,石牌站轉乘停車場,石牌路1段200號,戶外開放式吸菸區,24小時開放,25.11588,121.51452,石牌站停車場,https://lh3.googleusercontent.com/d/19A-b5iYfDCZXOdFoREm6JvHnfXTCoqqv,臺北大眾捷運股份有限公司,(02)21812345,本位置資訊僅供參考，實際情形以現場公告及標示為準
中山區,花博MAJI,玉門街1號花博MAJI戶外吸菸區,戶外負壓式吸菸區,周日至周四:08:00-24:00/周五至周六:08:00-凌晨03:00,25.06973,121.522326,玉門街1號花博MAJI戶外吸菸區,https://lh3.googleusercontent.com/d/1xo2ML03sLZVk__-Cqp4OAFfLomsi5giO,財團法人臺北市會展產業發展基金會,(02)25977112-208,本位置資訊僅供參考，實際情形以現場公告及標示為準
中山區,中山市場,長安西路3號,戶外開放式吸菸區,24小時開放,25.05,121.5213,中山市場大門口右側,https://lh3.googleusercontent.com/d/1-DGeQmBCOZn4ey6zXG6EVpGMBJjjQESU,臺北市市場處,(02)25512743,本位置資訊僅供參考，實際情形以現場公告及標示為準
南港區,成德市場1,同德路100號1樓,戶外開放式吸菸區,24小時開放,25.04617,121.58691,成德市場停車場入口右側,https://lh3.googleusercontent.com/d/1pBbjxNG30lzYqXW-XMIdMWw8KcwHEw6m,臺北市市場處,(02)27852884,本位置資訊僅供參考，實際情形以現場公告及標示為準
南港區,成德市場2,同德路100號1樓,戶外開放式吸菸區,24小時開放,25.04567,121.58672,2號門旁圓形花圃旁,https://lh3.googleusercontent.com/d/1yP4HwRQwYuwOn5FWGMDdAje6ho1cw8wR,臺北市市場處,(02)27852884,本位置資訊僅供參考，實際情形以現場公告及標示為準
大同區,迪化街商圈(永樂大樓),迪化街1段21號,戶外負壓式吸菸區,08:00-20:00,25.0554,121.5101,永樂市場廣場西北側(迪化街、永昌街口),https://lh3.googleusercontent.com/d/1EEbBhE9FZ61BghjUVRmBQViUOfQvA8Nu,永樂大樓管理委員會,(02)25507306,本位置資訊僅供參考，實際情形以現場公告及標示為準
中山區,金泰段72-1地號土地,敬業三路196號,戶外開放式吸菸區,06:00-19:00,25.07768,121.55669,下塔悠福德爺宮停車場東南側,https://lh3.googleusercontent.com/d/1H4ys0xiqpwF_dE8rUdLOiluLg6Tc1y4K,臺北市政府地政局,(02)27208889-7517,本位置資訊僅供參考，實際情形以現場公告及標示為準
內湖區,石潭段四小段288地號土地,民權東路6段135巷,戶外開放式吸菸區,24小時開放,25.069965,121.594239,該地號土地西北側,https://lh3.googleusercontent.com/d/1eNsZJEtcVR5o3N-ghqvIZLM47fYPQCEH,臺北市政府地政局土地開發總隊,(02)87807056-512,本位置資訊僅供參考，實際情形以現場公告及標示為準
中正區,NGO會館,青島東路8號,戶外開放式吸菸區,開館日09:30-16:30,25.043303,121.522144,後門廣場,https://lh3.googleusercontent.com/d/1k12wSEgv4t1jR6CjbasDkn4x_pN3cA_L,臺北市政府民政局,(02)23929053,本位置資訊僅供參考，實際情形以現場公告及標示為準
中山區,林安泰古厝,濱江街5號,戶外開放式吸菸區,開館日09:30-16:30,25.072109,121.529872,側門外廣場,https://lh3.googleusercontent.com/d/1lin0O5IWo7w5cL0iKNezq-wYY4XNBzMZ,臺北市政府民政局,(02)25996026,本位置資訊僅供參考，實際情形以現場公告及標示為準
大同區,孔廟,大龍街275號,戶外開放式吸菸區,開園日09:00-17:00,25.07318,121.51699,後門保全室旁空地,https://lh3.googleusercontent.com/d/1sZk42iletZcZ_9NiT9tgeB3IumIYINo-,臺北市政府民政局,(02)25923934-12,本位置資訊僅供參考，實際情形以現場公告及標示為準
松山區,民生社區中心,民生東路5段163-1號,戶外負壓式吸菸區,08:00-22:00,25.05908,121.562761,西側法定空地,https://lh3.googleusercontent.com/d/1DLnDMo9HODfOUK9c2koCDUILz2ql2TkV,臺北市政府民政局,(02)27666959,本位置資訊僅供參考，實際情形以現場公告及標示為準
北投區,陽明山靈骨塔,泉源路220號,戶外開放式吸菸區,24小時開放,25.138917,121.524008,大門右側坡道附近,https://lh3.googleusercontent.com/d/1xPfzET_fCuJhtAbww2RAAudQc4x7pCvl,臺北市殯葬管理處,(02)87329686-33001,本位置資訊僅供參考，實際情形以現場公告及標示為準
文山區,富德公墓,木柵路4段159巷130號,戶外開放式吸菸區,24小時開放,25.011739,121.580212,辦公室門口右側矮牆邊,https://lh3.googleusercontent.com/d/15a4cwKEZUkb2Xy0D9XQmfD2rHMr1SfF_,臺北市殯葬管理處,(02)87329686-35001~3,本位置資訊僅供參考，實際情形以現場公告及標示為準
松山區,敦化北路與慶城街交叉口(敦化北路側),敦化北路與慶城街交叉口(敦化北路側),戶外開放式吸菸區,24小時開放,25.057103,121.548719,敦化北路與慶城街交叉口(敦化北路側),https://lh3.googleusercontent.com/d/1Oj9m-DMy9rFPz5CrLcb_GLZCajoAkdX7,臺北市松山區公所,(02)87878787-818,本位置資訊僅供參考，實際情形以現場公告及標示為準
松山區,民族東路670號對面圍欄內空地,民族東路670號對面圍欄內空地,戶外開放式吸菸區,24小時開放,25.064962,121.546577,民族東路670號對面圍欄內空地,https://lh3.googleusercontent.com/d/1ITyrXQyPyyhLX_Gl9auFC02vqda4Qz7Q,臺北市松山區公所,(02)87878787-818,本位置資訊僅供參考，實際情形以現場公告及標示為準
松山區,民族東路648號對面空地,民族東路648號對面空地,戶外開放式吸菸區,24小時開放,25.065409,121.546057,民族東路648號對面空地,https://lh3.googleusercontent.com/d/13eb0RNoLFntS-P8hC0p2BSmRMDLzekmv,臺北市松山區公所,(02)87878787-818,本位置資訊僅供參考，實際情形以現場公告及標示為準
大安區,信義路3段134巷7號旁,信義路3段134巷7號旁,戶外開放式吸菸區,24小時開放,25.032341,121.539491,信義路3段134巷7號旁,https://lh3.googleusercontent.com/d/11kNerduiWgYAYddX4Q8EUrS7Sd8s5bKp,臺北市大安區公所,(02)23511711-8203,本位置資訊僅供參考，實際情形以現場公告及標示為準
中正區,汀州路3段與思源街交叉口人行道,汀州路3段與思源街交叉口,戶外開放式吸菸區,24小時開放,25.014948,121.532253,汀州路3段與思源街交叉口中央綠地,https://lh3.googleusercontent.com/d/1raapqAYVUrAh4Jd0jNo159sz2KEKAL15,臺北市中正區公所,(02)23416721-258,本位置資訊僅供參考，實際情形以現場公告及標示為準
中正區,羅斯福路1段1-1號前人行道,羅斯福路1段1-1號前人行道,戶外開放式吸菸區,24小時開放,25.034334,121.517315,羅斯福路1段1-1號前人行道左側,https://lh3.googleusercontent.com/d/1uQTJkgaq35ZdrAjTXv9ZypLqL-hlzlG2,臺北市中正區公所,(02)23416721-258,本位置資訊僅供參考，實際情形以現場公告及標示為準
中正區,金華街16號機車停車場,金華街16號,戶外開放式吸菸區,24小時開放,25.032084,121.519203,金華街16號機車停車場內,https://lh3.googleusercontent.com/d/1STj0eiyA290IqxfBR4xzXk3xuK4IcLoA,臺北市中正區公所,(02)23416721-258,本位置資訊僅供參考，實際情形以現場公告及標示為準
大同區,華陰街47號旁綠地,華陰街47號旁綠地,戶外開放式吸菸區,24小時開放,25.04954,121.51875,華陰街57號旁綠地,https://lh3.googleusercontent.com/d/1dSKr6jRjue2TLOWcE1IWZGV7xE6IzaeK,臺北市大同區公所,(02)25975323,本位置資訊僅供參考，實際情形以現場公告及標示為準
大同區,臺北橋區民活動中心,迪化街1段374號1樓,戶外開放式吸菸區,24小時開放,25.06314,121.509161,迪化街1段374號1樓旁空地,https://lh3.googleusercontent.com/d/1czD_hU9iXU1oJd4nHiurmRvOLZu6e-pI,臺北市大同區公所,02-25975323-607,本位置資訊僅供參考，實際情形以現場公告及標示為準
萬華區,桂林路136號對面,桂林路136號對面,戶外開放式吸菸區,24小時開放,25.038576,121.498558,近華西街觀光夜市,https://lh3.googleusercontent.com/d/1L1q15lLDIPyDxGuqnKTtY1tjLmKoU02k,臺北市萬華區公所,(02)23064468-114,本位置資訊僅供參考，實際情形以現場公告及標示為準
萬華區,環河南路2段5號後方,環河南路2段5號後方,戶外開放式吸菸區,24小時開放,25.039211,121.496887,靠環河南路1段方向,https://lh3.googleusercontent.com/d/1xSQYtN1REMvahoWVgFfZltwDAC-oD0j4,臺北市萬華區公所,(02)23064468-114,本位置資訊僅供參考，實際情形以現場公告及標示為準
文山區,永建市場旁平面停車場,木柵路1段191巷,戶外開放式吸菸區,24小時開放,24.98821,121.55141,機車停車處旁空地,https://lh3.googleusercontent.com/d/1kIdaOGAjvdHHRMwQlNaVuy-1khNbiwKG,臺北市文山區公所,(02)29365522-213,本位置資訊僅供參考，實際情形以現場公告及標示為準
文山區,木柵忠順廟,中崙路13號,戶外開放式吸菸區,06:00-20:00,24.98365,121.56418,廟埕前涼亭旁角落,https://lh3.googleusercontent.com/d/1jwNd-8LK3YmZxH_7YtL2llrt4pWF0isH,財團法人台北市木柵忠順廟,(02)29365522-213,本位置資訊僅供參考，實際情形以現場公告及標示為準
文山區,興昌區民活動中心後側空地,辛亥路4段199號,戶外開放式吸菸區,24小時開放,25.00335,121.55715,興昌區民活動中心旁空地,https://lh3.googleusercontent.com/d/1w5sFQvKfh1uTyMfLY8LWzn_YnXyTuREM,臺北市文山區公所,(02)29365522-213,本位置資訊僅供參考，實際情形以現場公告及標示為準
南港區,西新區民活動中心外側橋下,成功路1段99號,戶外開放式吸菸區,24小時開放,25.0577293,121.5929283,西新區民活動中心外側橋下,https://lh3.googleusercontent.com/d/1WN7c0V9fUaYK55Daq95J_WMDg3Pm2-Uy,臺北市南港區公所,(02)27831343,本位置資訊僅供參考，實際情形以現場公告及標示為準
南港區,南港軟體園區3,三重路19-10號,戶外開放式吸菸區,24小時開放,25.056939,121.612674,園區CD棟棟間西側戶外平台,https://lh3.googleusercontent.com/d/1D5hytiUmO8AXWIDjZ5k7H0PzSLyCUzmd,南港軟體工業園區管理委員會,(02)26553777,本位置資訊僅供參考，實際情形以現場公告及標示為準
內湖區,港墘區民活動中心前廣場,內湖路1段552號,戶外開放式吸菸區,24小時開放,25.07892,121.57706,區民活動中心前廣場右側,https://lh3.googleusercontent.com/d/1nF4iesHBa2lgGOcCm0M9XpmvhH_q2kZw,臺北市內湖區公所,(02)27925828-230,本位置資訊僅供參考，實際情形以現場公告及標示為準
內湖區,陽光區民活動中心前廣場,文德路66巷38弄14號,戶外開放式吸菸區,08:00-21:00,25.0753,121.58115,區民活動中心前廣場右側,https://lh3.googleusercontent.com/d/1tPn138khEkqfooj6-68cBzRLdQA-gA66,臺北市內湖區公所,(02)27925828-230,本位置資訊僅供參考，實際情形以現場公告及標示為準
士林區,承德區民活動中心,承德路四段5-1號,戶外開放式吸菸區,24小時開放,25.088,121.517,區民活動中心門口前右側,https://lh3.googleusercontent.com/d/1oxdefo3tVJyBz3b-Pi-OtN_dCxdb426V,臺北市士林區公所,(02)28826200-6010,本位置資訊僅供參考，實際情形以現場公告及標示為準
士林區,神農宮,前街74號,戶外開放式吸菸區,24小時開放,25.09778,121.5262,神農宮廟旁左側,https://lh3.googleusercontent.com/d/1wsaAWQkd3yMU-NaYc84JZCGSZaGMk6ZP,臺北市士林區公所,(02)28826200-6010,本位置資訊僅供參考，實際情形以現場公告及標示為準
士林區,新光三越台北天母店B棟(二館),忠誠路二段200號,戶外開放式吸菸區,24小時開放,25.117071,121.533932,新光三越台北天母店B棟後側,https://lh3.googleusercontent.com/d/15OGHByD6NgBIUQ0I7eC_d0JBS41LpipE,新光三越台北天母店B棟(二館),(02)28756000,本位置資訊僅供參考，實際情形以現場公告及標示為準
北投區,好市多、華碩對面人行道底,立德路115號,戶外開放式吸菸區,24小時開放,25.126996,121.470931,好市多、華碩對面,https://lh3.googleusercontent.com/d/1Y1gxT9RFnCU_-9Q4Qq1LPHgVVnDnL1iE,臺北市北投區公所,(02)28912105-218,本位置資訊僅供參考，實際情形以現場公告及標示為準
大安區,建國計程車服務站,建國南路1段63號之1,戶外開放式吸菸區,24小時開放,25.04362,121.536626,建國計程車服務站內,https://lh3.googleusercontent.com/d/1ckcueNqkStUV02m78Dwtb5r2pVijp0U6,臺北市公共運輸處,(02)27526037,本位置資訊僅供參考，實際情形以現場公告及標示為準
中山區,中山計程車服務站,新生北路3段170號,戶外開放式吸菸區,24小時開放,25.071718,121.525839,中山計程車服務站內,https://lh3.googleusercontent.com/d/1c6GmeA7bKYpY5DqY97xgoKULykHBc-PX,臺北市公共運輸處,(02)25947340,本位置資訊僅供參考，實際情形以現場公告及標示為準
中山區,大直計程車服務站,北安路676號,戶外開放式吸菸區,24小時開放,25.084701,121.550024,大直計程車服務站內,https://lh3.googleusercontent.com/d/1_K-Rx4kYk1RvHolfUq9Q2v1MxWSe2Abp,臺北市公共運輸處,(02)85092291,本位置資訊僅供參考，實際情形以現場公告及標示為準
大安區,敦化南路6,敦化南路1段303之1號,戶外開放式吸菸區,24小時開放,25.03516,121.54912,敦化南路1段303之1號前北向快慢車道分隔島,https://lh3.googleusercontent.com/d/1BJkgWAaDrhUFFRniY8RsP3bymYxXjxhl,設置：臺北市政府交通局；維護清潔：臺北市政府工務局公園路燈工程管理處、臺北市政府環境保護局,(02)27208889-6866,本位置資訊僅供參考，實際情形以現場公告及標示為準
北投區,復興路平面停車場,進賢路、復興路口,戶外開放式吸菸區,24小時開放,25.14082,121.50473,12號車格位旁空地,https://lh3.googleusercontent.com/d/1O184_9b65JqxxgizAbo5SaRycDM4CKU7,臺北市停車管理工程處,(02)275906665-6411,本位置資訊僅供參考，實際情形以現場公告及標示為準
北投區,大業路280巷臨時平面停車場,大業路280巷,戶外開放式吸菸區,24小時開放,25.12792,121.50016,33號車格位,https://lh3.googleusercontent.com/d/1gXk4GlVNUgA5KRV0Q2rw2hs2ActeIimm,臺北市停車管理工程處,(02)275906665-6411,本位置資訊僅供參考，實際情形以現場公告及標示為準
士林區,延平北路5段1巷平面停車場,延平北路5段1巷,戶外開放式吸菸區,24小時開放,25.07872,121.50976,入口處黃網區,https://lh3.googleusercontent.com/d/17YDfbfS8WMUmEfx0FS3GlYWi3xvDFMmk,臺北市停車管理工程處,(02)275906665-6411,本位置資訊僅供參考，實際情形以現場公告及標示為準
士林區,福港街平面停車場,福港街149巷2號,戶外開放式吸菸區,24小時開放,25.0872,121.51864,中央網線區,https://lh3.googleusercontent.com/d/1lXlBgiF5rIGb2BanTCwjLmP0lY80xeVR,臺北市停車管理工程處,(02)275906665-6411,本位置資訊僅供參考，實際情形以現場公告及標示為準
士林區,忠誠路(二)平面停車場,忠誠路1段138號,戶外開放式吸菸區,24小時開放,25.10682,121.52946,身障格位35號右側黃網線區,https://lh3.googleusercontent.com/d/1LXtR5dQXs2aZojoS6jItdfgj9xzCaELQ,臺北市停車管理工程處,(02)275906665-6411,本位置資訊僅供參考，實際情形以現場公告及標示為準
中山區,新生北路高架橋下停車場(新生北路一段66號對面橋下空間),新生北路1段66號前橋下,戶外開放式吸菸區,24小時開放,25.04721,121.53052,YouBike微笑單車2.0:新生北路一段62巷口左側空地,https://lh3.googleusercontent.com/d/19U8vl2zNO34Y7NGP63KUBGhYzHYdytoB,臺北市停車管理工程處,(02)275906665-6411,本位置資訊僅供參考，實際情形以現場公告及標示為準
中山區,樂群臨時平面停車場,敬業四路、樂群三路口,戶外開放式吸菸區,24小時開放,25.0821,121.55889,78號格位旁白線區,https://lh3.googleusercontent.com/d/133snbYr9MNPsNa8tOu9DORJO21g_oknf,臺北市停車管理工程處,(02)275906665-6411,本位置資訊僅供參考，實際情形以現場公告及標示為準
中山區,中山運動中心旁平面停車場,中山北路2段44巷及46巷中間,戶外開放式吸菸區,24小時開放,25.05543,121.52123,塗銷40號身障車格位並在上面設置,https://lh3.googleusercontent.com/d/1pC4AOHlgIiOJuqJJVPrHTlNvGXB9q0SQ,臺北市停車管理工程處,(02)275906665-6411,本位置資訊僅供參考，實際情形以現場公告及標示為準
萬華區,洛陽停車場,昆明街旁,戶外開放式吸菸區,24小時開放,25.0487,121.50616,北端人行空地,https://lh3.googleusercontent.com/d/1Q3Vw5ueVOxwYJy-hzwCVDrqxGiyKUG0U,臺北市停車管理工程處,(02)275906665-6411,本位置資訊僅供參考，實際情形以現場公告及標示為準
松山區,光復北路平面停車場,八德路4段17巷9號,戶外開放式吸菸區,24小時開放,25.04893,121.55835,19號車格位,https://lh3.googleusercontent.com/d/1QWc028j7YAm00CUZ-39a0GggV8-us9-x,臺北市停車管理工程處,(02)275906665-6411,本位置資訊僅供參考，實際情形以現場公告及標示為準
信義區,吳興街220巷平面停車場,吳興街220巷59弄,戶外開放式吸菸區,24小時開放,25.02581,121.56059,身障格位5號左側黃網線區,https://lh3.googleusercontent.com/d/1wT8eXEJrc9A8CUC0PM1z8GeyC727ZuGV,臺北市停車管理工程處,(02)275906665-6411,本位置資訊僅供參考，實際情形以現場公告及標示為準
信義區,正氣橋下平面停車場,基隆路地下道52號,戶外開放式吸菸區,24小時開放,25.04751,121.56832,停車場出口右側空地,https://lh3.googleusercontent.com/d/1rYMdsv6StNlp5f8GloiSZiTIQ5jei_7O,臺北市停車管理工程處,(02)275906665-6411,本位置資訊僅供參考，實際情形以現場公告及標示為準
大安區,建國南路高架橋下停車場(I區),建國南路1段165號前,戶外開放式吸菸區,24小時開放,25.04094,121.53754,1號車格位右側空地,https://lh3.googleusercontent.com/d/1O9d3WGDmqFhJzGDYU0G2kxPo36CYvVRO,臺北市停車管理工程處,(02)275906665-6411,本位置資訊僅供參考，實際情形以現場公告及標示為準
文山區,萬慶平面停車場,萬慶街48之1號對面,戶外開放式吸菸區,24小時開放,24.99367,121.53808,停車場入口右側空地,https://lh3.googleusercontent.com/d/1drYW_Qsd7itqpLTabkk9j7llYFhd5zmW,臺北市停車管理工程處,(02)275906665-6411,本位置資訊僅供參考，實際情形以現場公告及標示為準
內湖區,康寧平面停車場,民權東路6段與民權東路6段296巷口,戶外開放式吸菸區,24小時開放,25.07251,121.60572,停車場右側綠植區,https://lh3.googleusercontent.com/d/1s6eMfjbTtMcj7Y8vWobdBQCUdVVwk3md,臺北市停車管理工程處,(02)275906665-6411,本位置資訊僅供參考，實際情形以現場公告及標示為準
南港區,興中路80巷平面停車場,興中路80巷口,戶外開放式吸菸區,24小時開放,25.0577,121.60644,1-4號車格位後面空間,https://lh3.googleusercontent.com/d/13cuhKx8O5g0SOYvDlPmlS0Kqs9ZmvKrl,臺北市停車管理工程處,(02)275906665-6411,本位置資訊僅供參考，實際情形以現場公告及標示為準
信義區,臺北南山廣場辦公大樓,松仁路100號,戶外開放式吸菸區,24小時開放,25.03446,121.56744,北側空橋下方,https://lh3.googleusercontent.com/d/1NPR8hbtn2MKPnvswaghr7Pc2LxBEeHqS,臺北市信義區公所,(02)27238009,本位置資訊僅供參考，實際情形以現場公告及標示為準
大同區,建成公園,承德路2段35號,戶外負壓式吸菸區,08:00-24:00,25.054754,121.519438,大同區赤峰街與赤峰街37巷口(公園入口旁),https://lh3.googleusercontent.com/d/1hTbMiSH07CTYykFVyqWktCAlPL7RaEmT,臺北市政府工務局公園路燈工程管理處,(02)25850192,本位置資訊僅供參考，實際情形以現場公告及標示為準
松山區,臺北田徑場,敦化北路3號,戶外開放式吸菸區,24小時開放,25.048853,121.550643,七米道警衛亭左後方靠牆,https://lh3.googleusercontent.com/d/1JsmEec-uvks5-BopgirwbzUyIbLxhneI,臺北市政府體育局,(02)25702330-6513,本位置資訊僅供參考，實際情形以現場公告及標示為準
萬華區,青年公園,水源路199號,戶外開放式吸菸區,24小時開放,25.025782,121.505644,青年公園2號門(國興路側),https://lh3.googleusercontent.com/d/13n5rsP-SDt5TX83QhPmSG6qDaBFOxgk6,公園處青年公園管理所,(02)23032451,本位置資訊僅供參考，實際情形以現場公告及標示為準
大安區,臺大新生羅斯福路口北側人行地下道出口處,新生南路3段112號外空地,戶外開放式吸菸區,24小時開放,25.016647,121.532668,臺大新生羅斯福路口北側人行地下道出口處後側,https://lh3.googleusercontent.com/d/1apgTW9EyGTCjQahCcNF3V_cj-PkuWNFl,臺北市大安區公所,(02)23511711-8203,本位置資訊僅供參考，實際情形以現場公告及標示為準
中山區,龍江平面停車場,遼寧街、龍江路155巷口,戶外開放式吸菸區,24小時開放,25.05399,121.54195,場內黃網線,,臺北市停車管理工程處,(02)275906665-6411,本位置資訊僅供參考，實際情形以現場公告及標示為準
大安區,延吉廢鐵道停車場,光復南路180巷14號前,戶外開放式吸菸區,24小時開放,25.04247,121.55652,196號車格左側白色槽化線,,臺北市停車管理工程處,(02)275906665-6411,本位置資訊僅供參考，實際情形以現場公告及標示為準
